Workbook

Sheet Cover
A1: Fish Feeder 2026 Readiness Tracker
A2: Project governance, readiness progress and execution status
A4: CONTENTS | B4: PURPOSE
A5: Dashboard | B5: Executive view of overall progress, stage completion and priority actions
A6: Project Team | B6: Department owners for the Fish Feeder program
A7: FF_2026 | B7: Detailed part-level readiness tracker and milestone dates
A8: RACI Matrix | B8: Responsibility and accountability by readiness stage
A9: Timeline | B9: Program stage targets, dependencies and schedule status

Sheet Dashboard
A1: Fish Feeder 2026 — Readiness Dashboard
A2: ="Live view from FF_2026 • Updated "&TEXT(NOW(),"dd-mmm-yyyy hh:mm") -> Live view from FF_2026 • Updated 25-Sep-2026 15:14
A4: OVERALL PROGRESS | D4: TRACKED PARTS | G4: MECH PARTS | J4: HW PARTS | M4: PARTS WITH DELAY | P4: NEXT SOURCING TARGET
A5: =SUM(B14:B24)/SUM(C14:C24) -> 0.20283019 | D5: =COUNT(FF_2026!$A$3:$A$176) -> 106 | G5: =COUNTIF(FF_2026!H3:H1145,"Mech") -> 82 | J5: =COUNTIF(FF_2026!H3:H1145,"HW") -> 24 | M5: =COUNTIFS(FF_2026!$A$3:$A$176,"<>",FF_2026!$P$3:$P$176,">0")+COUNTIFS(FF_2026!$A$3:$A$176,"<>",FF_2026!$S$3:$S$176,">0")-COUNTIFS(FF_2026!$A$3:$A$176,"<>",FF_2026!$P$3:$P$176,">0",FF_2026!$S$3:$S$176,">0") -> 4 | P5: =IFERROR(MIN(FF_2026!$V$3:$V$176),"") -> 46280
A8: STORY IN BRIEF
A9: ="Overall gate progress is "&TEXT(A5,"0%")&" across "&TEXT(D5,"0")&" tracked parts. Design and part qualification are complete; sourcing is at "&TEXT(D18,"0%")&". Supplier qualification, sample procurement and factory handover remain at 0%, making downstream execution the critical path. "&TEXT(M5,"0")&" parts currently show a positive design or qualification delay." -> Overall gate progress is 20% across 106 tracked parts. Design and part qualification are complete; sourcing is at 16%. Supplier qualification, sample procurement and factory handover remain at 0%, making downstream execution the critical path. 4 parts currently show a positive design or qualification delay.
A12: READINESS STAGE PROGRESS
A13: Readiness Stage | B13: Completed | C13: Total | D13: Progress
A14: Design Readiness | B14: =COUNT(FF_2026!$M$3:$M$176) -> 93 | C14: =COUNT(FF_2026!$A$3:$A$176) -> 106 | D14: =IFERROR(B14/C14,0) -> 0.87735849
A16: Part Qualification | B16: =COUNT(FF_2026!$R$3:$R$176) -> 19 | C16: =COUNT(FF_2026!$A$3:$A$176) -> 106 | D16: =IFERROR(B16/C16,0) -> 0.17924528
A18: Sourcing Readiness | B18: =COUNT(FF_2026!$AD$3:$AD$176) -> 17 | C18: =COUNT(FF_2026!$A$3:$A$176) -> 106 | D18: =IFERROR(B18/C18,0) -> 0.16037736
A20: Supplier Qualification | B20: =COUNT(FF_2026!$AO$3:$AO$176) -> 0 | C20: =COUNT(FF_2026!$A$3:$A$176) -> 106 | D20: =IFERROR(B20/C20,0) -> 0
A22: Sample / Lot Procurement | B22: =COUNT(FF_2026!$AS$3:$AS$176) -> 0 | C22: =COUNT(FF_2026!$A$3:$A$176) -> 106 | D22: =IFERROR(B22/C22,0) -> 0
A24: Factory Handover | B24: =COUNT(FF_2026!$BC$3:$BC$176) -> 0 | C24: =COUNT(FF_2026!$A$3:$A$176) -> 106 | D24: =IFERROR(B24/C24,0) -> 0
A28: PARTS BY FUNCTION & CATEGORY — MATURITY PROGRESS
A29: Group | B29: ≥90% Maturity | C29: Total | D29: Progress
A30: ALL PARTS | B30: =COUNTIFS(FF_2026!$A$3:$A$646,"<>",FF_2026!$N$3:$N$646,">=0.9") -> 97 | C30: =$D$5 -> 106 | D30: =IFERROR(B30/C30,0) -> 0.91509434
A31: New - Critical | B31: =COUNTIFS(FF_2026!$G$3:$G$646,"New - Critical",FF_2026!$N$3:$N$646,">=0.9") -> 25 | C31: =COUNTIF(FF_2026!$G$3:$G$645,"New - Critical") -> 34 | D31: =IFERROR(B31/C31,0) -> 0.73529412
A32: New - Regular | B32: =COUNTIFS(FF_2026!$G$3:$G$646,"New - Regular",FF_2026!$N$3:$N$646,">=0.9") -> 0 | C32: =COUNTIF(FF_2026!$G$3:$G$645,"New - Regular") -> 0 | D32: =IFERROR(B32/C32,0) -> 0
A33: Carryover - Critical | B33: =COUNTIFS(FF_2026!$G$3:$G$646,"Carryover - Critical",FF_2026!$N$3:$N$646,">=0.9") -> 9 | C33: =COUNTIF(FF_2026!$G$3:$G$645,"Carryover - Critical") -> 9 | D33: =IFERROR(B33/C33,0) -> 1
A34: Carryover - Regular | B34: =COUNTIFS(FF_2026!$G$3:$G$646,"Carryover - Regular",FF_2026!$N$3:$N$646,">=0.9") -> 63 | C34: =COUNTIF(FF_2026!$G$3:$G$645,"Carryover - Regular") -> 63 | D34: =IFERROR(B34/C34,0) -> 1
A35: Not Specified | B35: =COUNTIFS(FF_2026!$A$3:$A$646,"<>",FF_2026!$G$3:$G$646,"",FF_2026!$N$3:$N$646,">=0.9") -> 0 | C35: =COUNTIFS(FF_2026!$A$3:$A$645,"<>",FF_2026!$G$3:$G$645,"") -> 0 | D35: =IFERROR(B35/C35,0) -> 0
A36: MECH | B36: =COUNTIFS(FF_2026!$H$3:$H$646,"Mech",FF_2026!$N$3:$N$646,">=0.9") -> 81 | C36: =COUNTIF(FF_2026!$H$3:$H$646,"Mech") -> 82 | D36: =IFERROR(B36/C36,0) -> 0.98780488
A37: New - Critical | B37: =COUNTIFS(FF_2026!$G$3:$G$646,"New - Critical",FF_2026!$H$3:$H$646,"Mech",FF_2026!$N$3:$N$646,">=0.9") -> 22 | C37: =COUNTIFS(FF_2026!$G$3:$G$646,"New - Critical",FF_2026!$H$3:$H$646,"Mech") -> 23 | D37: =IFERROR(B37/C37,0) -> 0.95652174
A38: New - Regular | B38: =COUNTIFS(FF_2026!$G$3:$G$646,"New - Regular",FF_2026!$H$3:$H$646,"Mech",FF_2026!$N$3:$N$646,">=0.9") -> 0 | C38: =COUNTIFS(FF_2026!$G$3:$G$646,"New - Regular",FF_2026!$H$3:$H$646,"Mech") -> 0 | D38: =IFERROR(B38/C38,0) -> 0
A39: Carryover - Critical | B39: =COUNTIFS(FF_2026!$G$3:$G$646,"Carryover - Critical",FF_2026!$H$3:$H$646,"Mech",FF_2026!$N$3:$N$646,">=0.9") -> 7 | C39: =COUNTIFS(FF_2026!$G$3:$G$646,"Carryover - Critical",FF_2026!$H$3:$H$646,"Mech") -> 7 | D39: =IFERROR(B39/C39,0) -> 1
A40: Carryover - Regular | B40: =COUNTIFS(FF_2026!$G$3:$G$646,"Carryover - Regular",FF_2026!$H$3:$H$646,"Mech",FF_2026!$N$3:$N$646,">=0.9") -> 52 | C40: =COUNTIFS(FF_2026!$G$3:$G$646,"Carryover - Regular",FF_2026!$H$3:$H$646,"Mech") -> 52 | D40: =IFERROR(B40/C40,0) -> 1
A41: Not Specified | B41: =COUNTIFS(FF_2026!$A$3:$A$646,"<>",FF_2026!$G$3:$G$646,"",FF_2026!$H$3:$H$646,"Mech",FF_2026!$N$3:$N$646,">=0.9") -> 0 | C41: =COUNTIFS(FF_2026!$A$3:$A$646,"<>",FF_2026!$G$3:$G$646,"",FF_2026!$H$3:$H$646,"Mech") -> 0 | D41: =IFERROR(B41/C41,0) -> 0
A42: HW | B42: =COUNTIFS(FF_2026!$H$3:$H$646,"HW",FF_2026!$N$3:$N$646,">=0.9") -> 16 | C42: =COUNTIF(FF_2026!$H$3:$H$646,"HW") -> 24 | D42: =IFERROR(B42/C42,0) -> 0.66666667
A43: New - Critical | B43: =COUNTIFS(FF_2026!$G$3:$G$646,"New - Critical",FF_2026!$H$3:$H$646,"HW",FF_2026!$N$3:$N$646,">=0.9") -> 3 | C43: =COUNTIFS(FF_2026!$G$3:$G$646,"New - Critical",FF_2026!$H$3:$H$646,"HW") -> 11 | D43: =IFERROR(B43/C43,0) -> 0.27272727
A44: New - Regular | B44: =COUNTIFS(FF_2026!$G$3:$G$646,"New - Regular",FF_2026!$H$3:$H$646,"HW",FF_2026!$N$3:$N$646,">=0.9") -> 0 | C44: =COUNTIFS(FF_2026!$G$3:$G$646,"New - Regular",FF_2026!$H$3:$H$646,"HW") -> 0 | D44: =IFERROR(B44/C44,0) -> 0
A45: Carryover - Critical | B45: =COUNTIFS(FF_2026!$G$3:$G$646,"Carryover - Critical",FF_2026!$H$3:$H$646,"HW",FF_2026!$N$3:$N$646,">=0.9") -> 2 | C45: =COUNTIFS(FF_2026!$G$3:$G$646,"Carryover - Critical",FF_2026!$H$3:$H$646,"HW") -> 2 | D45: =IFERROR(B45/C45,0) -> 1
A46: Carryover - Regular | B46: =COUNTIFS(FF_2026!$G$3:$G$646,"Carryover - Regular",FF_2026!$H$3:$H$646,"HW",FF_2026!$N$3:$N$646,">=0.9") -> 11 | C46: =COUNTIFS(FF_2026!$G$3:$G$646,"Carryover - Regular",FF_2026!$H$3:$H$646,"HW") -> 11 | D46: =IFERROR(B46/C46,0) -> 1
A47: Not Specified | B47: =COUNTIFS(FF_2026!$A$3:$A$646,"<>",FF_2026!$G$3:$G$646,"",FF_2026!$H$3:$H$646,"HW",FF_2026!$N$3:$N$646,">=0.9") -> 0 | C47: =COUNTIFS(FF_2026!$A$3:$A$646,"<>",FF_2026!$G$3:$G$646,"",FF_2026!$H$3:$H$646,"HW") -> 0 | D47: =IFERROR(B47/C47,0) -> 0
A48: FUNCTION NOT SPECIFIED | B48: =COUNTIFS(FF_2026!$A$3:$A$646,"<>",FF_2026!$H$3:$H$646,"",FF_2026!$N$3:$N$646,">=0.9") -> 0 | C48: =COUNTIFS(FF_2026!$A$3:$A$646,"<>",FF_2026!$H$3:$H$646,"") -> 0 | D48: =IFERROR(B48/C48,0) -> 0
A52: PRIORITY ACTIONS
A53: Priority | B53: Action
A54: 1 — New Critical | B54: New part with high complexity, longer sourcing lead time, higher qualification requirements, or other critical factors.
A55: 2 — New Regular | B55: New part with lower complexity, shorter sourcing lead time, and relatively straightforward qualification requirements.
A56: 3 — Carryover Critical | B56: Existing/carryover part with high complexity, longer sourcing lead time, higher qualification requirements, or other critical factors.
A57: 4 — Carryover Regular | B57: Existing/carryover part with lower complexity, shorter sourcing lead time, and relatively straightforward qualification requirements.

Sheet Project Team
A1: Department | B1: Fish Feeder
A2: Product Engineering | B2: Mallesha
A3: Design | B3: Ravindra Namburi
A4: HW | B4: Pavan K
A5: FW | B5: Prem
A6: Procurement | B6: Ravindra Kolla
A7: Quality | B7: Jeyamurgan
A8: Production | B8: Venu
A9: Customer Success | B9: Pavan N
A10: V&V | B10: Kiran

Sheet FF_2026_Ref_Backup
A1: Design Readiness | P1: Part Qualification Readiness | W1: Sourcing Readiness | AK1: Supplier Qualification | AP1: Sample / Lot Procurement | AU1: Factory Handover Rediness
A2: Sl.No | B2: PE Kick-off Date | C2: Part Number | D2: Part Discription | E2: Part Type | F2: Part Category | G2: Part Function | H2: BOM Rev. No | I2: Rev. No | J2: Qty | K2: Design Readiness Planned | L2: Design Readiness Actual | M2: Maturity % | N2: Doc. Rec'd | O2: Status (Days) | P2: PE Verif. Planned | Q2: PE Verif. Actual | R2: Status (Days) | S2: Ready for PQ | T2: Drawing / Spec to SCM | U2: Sourcing Target Date | V2: Comments/ Remarks | W2: Drawing / Spec to Vendors | X2: Vendors Identification Planned | Y2: Vendors Identification Actual | Z2: RFQ released | AA2: Technical queries closure | AB2: Quotations received | AC2: Vendor Finalization ((ToCo,) | AD2: Sample size | AE2: Lead Time Type | AF2: Lead time confirmation Planned | AG2: Lead time confirmation Actual | AH2: Release of PO | AI2: Status (Days) | AJ2: Remarks/ Comments | AK2: Vendor visit Required | AL2: PPAP/FAI (if applicable) | AM2: Sample approval | AN2: Quality & MF agreements | AO2: Remarks/ Comments | AP2: Samplet dispatch | AQ2: Sample receipt | AR2: QA (CFT) | AS2: Distpacth Sample to Design | AT2: Remarks/ Comments | AU2: Check Form & Fit | AV2: Testing | AW2: Open Issues | AX2: Design Changes | AY2: BOM revision updates | AZ2: Part Qualification Required | BA2: Part Approval | BB2: Remarks/ Comments
A3: 1 | B3: 46210 | C3: TBA | D3: H- Plate | E3: New | F3: New - Regular | G3: Mech | H3: 0 | J3: 1 | K3: 46211 | L3: 46211 | M3: 0.9 | N3: Yes | O3: =IF(OR(K3="",L3=""),"",SIGN(L3-K3)*(NETWORKDAYS(MIN(K3,L3),MAX(K3,L3))-1)) -> 0 | P3: 46233 | Q3: 46218 | R3: =IF(OR(P3="",Q3=""),"",SIGN(Q3-P3)*(NETWORKDAYS(MIN(P3,Q3),MAX(P3,Q3))-1)) -> -11 | S3: =IF(AND(M3>=90%,M3<=100%),"Yes","No") -> Yes | T3: 46234 | U3: 46280 | V3: Feedback from the Supplier - Jig/fixtures needed after samples finalisation before production they will make ready | W3: 46237 | X3: 46244 | Z3: 46238 | AA3: 46241 | AB3: 46241 | AC3: 46262 | AD3: 10 | AE3: Medium | AF3: =IF(OR(T3="",AE3=""),"",WORKDAY(T3,IF(AE3="Low",30,IF(AE3="Medium",45,IF(AE3="High",60,""))))) -> 46297 | AH3: 46266 | AI3: =IF(OR(U3="",AG3=""),"",SIGN(AG3-U3)*(NETWORKDAYS(MIN(U3,AG3),MAX(U3,AG3))-1)) | AJ3: 26th for approval submission
A4: 2 | B4: 46210 | C4: TBA | D4: Vertical Doser & Dispenser Structure | E4: New | F4: New - Critical | G4: Mech | H4: 0 | I4: A | J4: 1 | K4: 46211 | L4: 46233 | M4: 0.9 | N4: Yes | O4: =IF(OR(K4="",L4=""),"",SIGN(L4-K4)*(NETWORKDAYS(MIN(K4,L4),MAX(K4,L4))-1)) -> 16 | P4: 46233 | Q4: 46233 | R4: =IF(OR(P4="",Q4=""),"",SIGN(Q4-P4)*(NETWORKDAYS(MIN(P4,Q4),MAX(P4,Q4))-1)) -> 0 | S4: =IF(AND(M4>=90%,M4<=100%),"Yes","No") -> Yes | T4: 46234 | U4: 46280 | V4: Feedback from the Supplier - Jig/fixtures needed after samples finalisation before production they will make ready | W4: 46237 | X4: 46244 | Z4: 46238 | AA4: 46241 | AB4: 46241 | AC4: 46262 | AD4: 10 | AE4: Medium | AF4: =IF(OR(T4="",AE4=""),"",WORKDAY(T4,IF(AE4="Low",30,IF(AE4="Medium",45,IF(AE4="High",60,""))))) -> 46297 | AH4: 46266 | AI4: =IF(OR(U4="",AG4=""),"",SIGN(AG4-U4)*(NETWORKDAYS(MIN(U4,AG4),MAX(U4,AG4))-1))
A5: 3 | B5: 46210 | C5: TBA | D5: Vertical Doser top plate | E5: New | F5: New - Regular | G5: Mech | H5: 0 | J5: 1 | K5: 46211 | L5: 46211 | M5: 0.9 | N5: Yes | O5: =IF(OR(K5="",L5=""),"",SIGN(L5-K5)*(NETWORKDAYS(MIN(K5,L5),MAX(K5,L5))-1)) -> 0 | P5: 46233 | Q5: 46218 | R5: =IF(OR(P5="",Q5=""),"",SIGN(Q5-P5)*(NETWORKDAYS(MIN(P5,Q5),MAX(P5,Q5))-1)) -> -11 | S5: =IF(AND(M5>=90%,M5<=100%),"Yes","No") -> Yes | T5: 46234 | U5: 46280 | V5: Feedback from the Supplier - Jig/fixtures needed after samples finalisation before production they will make ready | W5: 46237 | X5: 46244 | Z5: 46238 | AA5: 46241 | AB5: 46241 | AC5: 46262 | AD5: 10 | AE5: Medium | AF5: =IF(OR(T5="",AE5=""),"",WORKDAY(T5,IF(AE5="Low",30,IF(AE5="Medium",45,IF(AE5="High",60,""))))) -> 46297 | AH5: 46266 | AI5: =IF(OR(U5="",AG5=""),"",SIGN(AG5-U5)*(NETWORKDAYS(MIN(U5,AG5),MAX(U5,AG5))-1))
A6: 4 | B6: 46210 | C6: TBA | D6: Vertical Doser bottom plate | E6: New | F6: New - Regular | G6: Mech | H6: 0 | I6: A | J6: 1 | K6: 46211 | L6: 46233 | M6: 0.9 | N6: Yes | O6: =IF(OR(K6="",L6=""),"",SIGN(L6-K6)*(NETWORKDAYS(MIN(K6,L6),MAX(K6,L6))-1)) -> 16 | P6: 46233 | Q6: 46233 | R6: =IF(OR(P6="",Q6=""),"",SIGN(Q6-P6)*(NETWORKDAYS(MIN(P6,Q6),MAX(P6,Q6))-1)) -> 0 | S6: =IF(AND(M6>=90%,M6<=100%),"Yes","No") -> Yes | T6: 46234 | U6: 46280 | V6: Feedback from the Supplier - Jig/fixtures needed after samples finalisation before production they will make ready | W6: 46237 | X6: 46244 | Z6: 46238 | AA6: 46241 | AB6: 46241 | AC6: 46262 | AD6: 10 | AE6: Medium | AF6: =IF(OR(T6="",AE6=""),"",WORKDAY(T6,IF(AE6="Low",30,IF(AE6="Medium",45,IF(AE6="High",60,""))))) -> 46297 | AH6: 46266 | AI6: =IF(OR(U6="",AG6=""),"",SIGN(AG6-U6)*(NETWORKDAYS(MIN(U6,AG6),MAX(U6,AG6))-1))
A7: 5 | B7: 46210 | C7: TBA | D7: Vertical doser Side Support | E7: New | F7: New - Regular | G7: Mech | H7: 0 | J7: 2 | K7: 46211 | L7: 46211 | M7: 0.9 | N7: Yes | O7: =IF(OR(K7="",L7=""),"",SIGN(L7-K7)*(NETWORKDAYS(MIN(K7,L7),MAX(K7,L7))-1)) -> 0 | P7: 46233 | Q7: 46218 | R7: =IF(OR(P7="",Q7=""),"",SIGN(Q7-P7)*(NETWORKDAYS(MIN(P7,Q7),MAX(P7,Q7))-1)) -> -11 | S7: =IF(AND(M7>=90%,M7<=100%),"Yes","No") -> Yes | T7: 46234 | U7: 46280 | V7: Feedback from the Supplier - Jig/fixtures needed after samples finalisation before production they will make ready | W7: 46237 | X7: 46244 | Z7: 46238 | AA7: 46241 | AB7: 46241 | AC7: 46262 | AD7: 10 | AE7: Medium | AF7: =IF(OR(T7="",AE7=""),"",WORKDAY(T7,IF(AE7="Low",30,IF(AE7="Medium",45,IF(AE7="High",60,""))))) -> 46297 | AH7: 46266 | AI7: =IF(OR(U7="",AG7=""),"",SIGN(AG7-U7)*(NETWORKDAYS(MIN(U7,AG7),MAX(U7,AG7))-1))
A8: 6 | B8: 46210 | C8: TBA | D8: Doser case | E8: New | F8: New - Regular | G8: Mech | H8: 0 | J8: 1 | K8: 46211 | L8: 46211 | M8: 0.9 | N8: Yes | O8: =IF(OR(K8="",L8=""),"",SIGN(L8-K8)*(NETWORKDAYS(MIN(K8,L8),MAX(K8,L8))-1)) -> 0 | P8: 46233 | Q8: 46218 | R8: =IF(OR(P8="",Q8=""),"",SIGN(Q8-P8)*(NETWORKDAYS(MIN(P8,Q8),MAX(P8,Q8))-1)) -> -11 | S8: =IF(AND(M8>=90%,M8<=100%),"Yes","No") -> Yes | T8: 46234 | U8: 46280 | W8: 46237 | X8: 46196 | Z8: 46238 | AA8: 46251 | AB8: 46251 | AC8: 46262 | AD8: 10 | AE8: Low | AF8: =IF(OR(T8="",AE8=""),"",WORKDAY(T8,IF(AE8="Low",30,IF(AE8="Medium",45,IF(AE8="High",60,""))))) -> 46276 | AH8: 46266 | AI8: =IF(OR(U8="",AG8=""),"",SIGN(AG8-U8)*(NETWORKDAYS(MIN(U8,AG8),MAX(U8,AG8))-1)) | AK8: 46286 | AO8: Visit Plan: 21–23 Sep; Tool Dev. Reports: Ravindra Namburi to provide.
A9: 7 | B9: 46210 | C9: TBA | D9: Doser motor holder | E9: New | F9: New - Critical | G9: Mech | H9: 0 | J9: 1 | K9: 46211 | L9: 46211 | M9: 0.9 | N9: Yes | O9: =IF(OR(K9="",L9=""),"",SIGN(L9-K9)*(NETWORKDAYS(MIN(K9,L9),MAX(K9,L9))-1)) -> 0 | P9: 46233 | Q9: 46218 | R9: =IF(OR(P9="",Q9=""),"",SIGN(Q9-P9)*(NETWORKDAYS(MIN(P9,Q9),MAX(P9,Q9))-1)) -> -11 | S9: =IF(AND(M9>=90%,M9<=100%),"Yes","No") -> Yes | T9: 46234 | U9: 46280 | W9: 46237 | X9: 46196 | Z9: 46238 | AA9: 46251 | AB9: 46251 | AC9: 46262 | AD9: 10 | AE9: Medium | AF9: =IF(OR(T9="",AE9=""),"",WORKDAY(T9,IF(AE9="Low",30,IF(AE9="Medium",45,IF(AE9="High",60,""))))) -> 46297 | AH9: 46266 | AI9: =IF(OR(U9="",AG9=""),"",SIGN(AG9-U9)*(NETWORKDAYS(MIN(U9,AG9),MAX(U9,AG9))-1)) | AK9: 46286
A10: 8 | B10: 46210 | C10: TBA | D10: Vertical doser wheel assembly | E10: New | F10: New - Critical | G10: Mech | H10: 0 | J10: 1 | K10: 46211 | L10: 46211 | M10: 0.9 | N10: Yes | O10: =IF(OR(K10="",L10=""),"",SIGN(L10-K10)*(NETWORKDAYS(MIN(K10,L10),MAX(K10,L10))-1)) -> 0 | P10: 46233 | Q10: 46218 | R10: =IF(OR(P10="",Q10=""),"",SIGN(Q10-P10)*(NETWORKDAYS(MIN(P10,Q10),MAX(P10,Q10))-1)) -> -11 | S10: =IF(AND(M10>=90%,M10<=100%),"Yes","No") -> Yes | T10: 46234 | U10: 46280 | W10: 46237 | X10: 46196 | Z10: 46238 | AA10: 46251 | AB10: 46251 | AC10: 46262 | AD10: 10 | AE10: Medium | AF10: =IF(OR(T10="",AE10=""),"",WORKDAY(T10,IF(AE10="Low",30,IF(AE10="Medium",45,IF(AE10="High",60,""))))) -> 46297 | AH10: 46266 | AI10: =IF(OR(U10="",AG10=""),"",SIGN(AG10-U10)*(NETWORKDAYS(MIN(U10,AG10),MAX(U10,AG10))-1)) | AK10: 46286
A11: 9 | B11: 46210 | C11: TBA | D11: Doser wheel insert | E11: New | F11: New - Critical | G11: Mech | H11: 0 | J11: 1 | K11: 46211 | L11: 46211 | M11: 0.9 | N11: Yes | O11: =IF(OR(K11="",L11=""),"",SIGN(L11-K11)*(NETWORKDAYS(MIN(K11,L11),MAX(K11,L11))-1)) -> 0 | P11: 46233 | Q11: 46218 | R11: =IF(OR(P11="",Q11=""),"",SIGN(Q11-P11)*(NETWORKDAYS(MIN(P11,Q11),MAX(P11,Q11))-1)) -> -11 | S11: =IF(AND(M11>=90%,M11<=100%),"Yes","No") -> Yes | T11: 46234 | U11: 46280 | W11: 46237 | X11: 46196 | Z11: 46238 | AA11: 46254 | AB11: 46251 | AC11: 46262 | AD11: 10 | AE11: Medium | AF11: =IF(OR(T11="",AE11=""),"",WORKDAY(T11,IF(AE11="Low",30,IF(AE11="Medium",45,IF(AE11="High",60,""))))) -> 46297 | AH11: 46266 | AI11: =IF(OR(U11="",AG11=""),"",SIGN(AG11-U11)*(NETWORKDAYS(MIN(U11,AG11),MAX(U11,AG11))-1)) | AK11: 46286
A12: 10 | B12: 46210 | C12: TBA | D12: Doser wheel | E12: New | F12: New - Critical | G12: Mech | H12: 0 | J12: 1 | K12: 46211 | L12: 46211 | M12: 0.9 | N12: Yes | O12: =IF(OR(K12="",L12=""),"",SIGN(L12-K12)*(NETWORKDAYS(MIN(K12,L12),MAX(K12,L12))-1)) -> 0 | P12: 46233 | Q12: 46218 | R12: =IF(OR(P12="",Q12=""),"",SIGN(Q12-P12)*(NETWORKDAYS(MIN(P12,Q12),MAX(P12,Q12))-1)) -> -11 | S12: =IF(AND(M12>=90%,M12<=100%),"Yes","No") -> Yes | T12: 46234 | U12: 46280 | W12: 46237 | X12: 46196 | Z12: 46238 | AA12: 46251 | AB12: 46251 | AC12: 46262 | AD12: 10 | AE12: Medium | AF12: =IF(OR(T12="",AE12=""),"",WORKDAY(T12,IF(AE12="Low",30,IF(AE12="Medium",45,IF(AE12="High",60,""))))) -> 46297 | AH12: 46266 | AI12: =IF(OR(U12="",AG12=""),"",SIGN(AG12-U12)*(NETWORKDAYS(MIN(U12,AG12),MAX(U12,AG12))-1)) | AK12: 46286
A13: 11 | B13: 46210 | C13: TBA | D13: Doser Wing nut | E13: New | F13: New - Critical | G13: Mech | H13: 0 | J13: 6 | K13: 46211 | L13: 46211 | M13: 0.9 | N13: Yes | O13: =IF(OR(K13="",L13=""),"",SIGN(L13-K13)*(NETWORKDAYS(MIN(K13,L13),MAX(K13,L13))-1)) -> 0 | P13: 46233 | Q13: 46218 | R13: =IF(OR(P13="",Q13=""),"",SIGN(Q13-P13)*(NETWORKDAYS(MIN(P13,Q13),MAX(P13,Q13))-1)) -> -11 | S13: =IF(AND(M13>=90%,M13<=100%),"Yes","No") -> Yes | T13: 46234 | U13: 46280 | W13: 46237 | X13: 46196 | Z13: 46238 | AA13: 46251 | AB13: 46251 | AC13: 46262 | AD13: 10 | AE13: Medium | AF13: =IF(OR(T13="",AE13=""),"",WORKDAY(T13,IF(AE13="Low",30,IF(AE13="Medium",45,IF(AE13="High",60,""))))) -> 46297 | AH13: 46266 | AI13: =IF(OR(U13="",AG13=""),"",SIGN(AG13-U13)*(NETWORKDAYS(MIN(U13,AG13),MAX(U13,AG13))-1)) | AK13: 46286
A14: 12 | B14: 46210 | C14: TBA | D14: Feed reducer | E14: New | F14: New - Critical | G14: Mech | H14: 0 | J14: 1 | K14: 46211 | L14: 46211 | M14: 0.9 | N14: Yes | O14: =IF(OR(K14="",L14=""),"",SIGN(L14-K14)*(NETWORKDAYS(MIN(K14,L14),MAX(K14,L14))-1)) -> 0 | P14: 46233 | Q14: 46218 | R14: =IF(OR(P14="",Q14=""),"",SIGN(Q14-P14)*(NETWORKDAYS(MIN(P14,Q14),MAX(P14,Q14))-1)) -> -11 | S14: =IF(AND(M14>=90%,M14<=100%),"Yes","No") -> Yes | T14: 46234 | U14: 46280 | W14: 46237 | X14: 46196 | Z14: 46238 | AA14: 46251 | AB14: 46251 | AC14: 46262 | AD14: 10 | AE14: Medium | AF14: =IF(OR(T14="",AE14=""),"",WORKDAY(T14,IF(AE14="Low",30,IF(AE14="Medium",45,IF(AE14="High",60,""))))) -> 46297 | AH14: 46266 | AI14: =IF(OR(U14="",AG14=""),"",SIGN(AG14-U14)*(NETWORKDAYS(MIN(U14,AG14),MAX(U14,AG14))-1)) | AK14: 46286
A15: 13 | B15: 46210 | C15: TBA | D15: Motor Protector | E15: New | F15: New - Regular | G15: Mech | H15: 0 | J15: 1 | K15: 46211 | L15: 46211 | M15: 0.9 | N15: Yes | O15: =IF(OR(K15="",L15=""),"",SIGN(L15-K15)*(NETWORKDAYS(MIN(K15,L15),MAX(K15,L15))-1)) -> 0 | P15: 46233 | Q15: 46218 | R15: =IF(OR(P15="",Q15=""),"",SIGN(Q15-P15)*(NETWORKDAYS(MIN(P15,Q15),MAX(P15,Q15))-1)) -> -11 | S15: =IF(AND(M15>=90%,M15<=100%),"Yes","No") -> Yes | T15: 46234 | U15: 46280 | W15: 46237 | X15: 46196 | Z15: 46238 | AA15: 46251 | AB15: 46251 | AC15: 46262 | AD15: 10 | AE15: Medium | AF15: =IF(OR(T15="",AE15=""),"",WORKDAY(T15,IF(AE15="Low",30,IF(AE15="Medium",45,IF(AE15="High",60,""))))) -> 46297 | AH15: 46266 | AI15: =IF(OR(U15="",AG15=""),"",SIGN(AG15-U15)*(NETWORKDAYS(MIN(U15,AG15),MAX(U15,AG15))-1)) | AK15: 46286
A16: 14 | B16: 46210 | C16: TBA | D16: Dosel wheel bearing | E16: New | F16: New - Critical | G16: Mech | H16: 0 | J16: 2 | K16: 46211 | L16: 46211 | M16: 0.9 | N16: Yes | O16: =IF(OR(K16="",L16=""),"",SIGN(L16-K16)*(NETWORKDAYS(MIN(K16,L16),MAX(K16,L16))-1)) -> 0 | P16: 46233 | Q16: 46218 | R16: =IF(OR(P16="",Q16=""),"",SIGN(Q16-P16)*(NETWORKDAYS(MIN(P16,Q16),MAX(P16,Q16))-1)) -> -11 | S16: =IF(AND(M16>=90%,M16<=100%),"Yes","No") -> Yes | T16: 46234 | U16: 46280 | V16: What is the warranty period confirmed by the selected supplier? - 24 months from manufacturing or 12 months from the date of installation whichever is the earlier. | W16: 46237 | X16: 46244 | Z16: 46239 | AA16: 46251 | AB16: 46251 | AC16: 46262 | AD16: 10 | AE16: Low | AF16: =IF(OR(T16="",AE16=""),"",WORKDAY(T16,IF(AE16="Low",30,IF(AE16="Medium",45,IF(AE16="High",60,""))))) -> 46276 | AH16: 46266 | AI16: =IF(OR(U16="",AG16=""),"",SIGN(AG16-U16)*(NETWORKDAYS(MIN(U16,AG16),MAX(U16,AG16))-1))
A17: 15 | B17: 46210 | C17: TBA | D17: Vertical doser Motor | E17: New | F17: New - Critical | G17: HW | H17: 0 | J17: 1 | K17: 46211 | L17: 46211 | M17: 0.8 | N17: Yes | O17: =IF(OR(K17="",L17=""),"",SIGN(L17-K17)*(NETWORKDAYS(MIN(K17,L17),MAX(K17,L17))-1)) -> 0 | P17: 46233 | Q17: 46218 | R17: =IF(OR(P17="",Q17=""),"",SIGN(Q17-P17)*(NETWORKDAYS(MIN(P17,Q17),MAX(P17,Q17))-1)) -> -11 | S17: =IF(AND(M17>=90%,M17<=100%),"Yes","No") -> No | T17: 46234 | U17: 46280 | V17: 24th Aug- Vendor discussion Open Points 1.Shaft to be changed to rust-proof material. 2.XT30 or XT60 connector with open-ended wire (male/female as required) 3.2 yrs warranty As of now information: 6 months 2nd Sep - 2026 For Model: RMCS-1211 – Industrial Grade IG45 Planetary DC Geared Motor, 50W, 10RPM, 12V, 186Kgcm, we have the following three options available: Option Construction 1 Electro-plated DC motor case + Stainless Steel gearbox case + Stainless Steel 304 gearbox shaft 2 Electro-plated DC motor case + Zinc-Nickel alloy plated gearbox case + Stainless Steel 304 gearbox shaft 3 Electro-plated DC motor case + Stainless Steel 304 gearbox shaft The above options differ mainly in the gearbox case material and construction. For complete technical specifications, please refer to the datasheet: https://download.robokits.co.in/downloads/rmcs_1211_datasheet_01.pdf Waiting for samples - 5 numbers | W17: 46237 | X17: 46244 | Z17: 46238 | AD17: 10 | AE17: High | AF17: =IF(OR(T17="",AE17=""),"",WORKDAY(T17,IF(AE17="Low",30,IF(AE17="Medium",45,IF(AE17="High",60,""))))) -> 46318 | AI17: =IF(OR(U17="",AG17=""),"",SIGN(AG17-U17)*(NETWORKDAYS(MIN(U17,AG17),MAX(U17,AG17))-1))
A18: 16 | B18: 46210 | C18: TBA | D18: Vertical doser feed stopper | E18: New | F18: New - Regular | G18: Mech | H18: 0 | J18: 1 | K18: 46211 | L18: 46211 | M18: 0.9 | N18: Yes | O18: =IF(OR(K18="",L18=""),"",SIGN(L18-K18)*(NETWORKDAYS(MIN(K18,L18),MAX(K18,L18))-1)) -> 0 | P18: 46233 | Q18: 46218 | R18: =IF(OR(P18="",Q18=""),"",SIGN(Q18-P18)*(NETWORKDAYS(MIN(P18,Q18),MAX(P18,Q18))-1)) -> -11 | S18: =IF(AND(M18>=90%,M18<=100%),"Yes","No") -> Yes | T18: 46234 | U18: 46280 | W18: 46237 | Z18: 46238 | AA18: 46241 | AB18: 46241 | AC18: 46262 | AD18: 10 | AE18: Low | AF18: =IF(OR(T18="",AE18=""),"",WORKDAY(T18,IF(AE18="Low",30,IF(AE18="Medium",45,IF(AE18="High",60,""))))) -> 46276 | AH18: 46266 | AI18: =IF(OR(U18="",AG18=""),"",SIGN(AG18-U18)*(NETWORKDAYS(MIN(U18,AG18),MAX(U18,AG18))-1))
A19: 17 | B19: 46210 | C19: TBA | D19: Feed Dispenser - (DISC) | E19: New | F19: New - Critical | G19: Mech | H19: 0 | I19: B | J19: 1 | K19: 46211 | L19: 46233 | M19: 0.9 | N19: Yes | O19: =IF(OR(K19="",L19=""),"",SIGN(L19-K19)*(NETWORKDAYS(MIN(K19,L19),MAX(K19,L19))-1)) -> 16 | P19: 46233 | Q19: 46233 | R19: =IF(OR(P19="",Q19=""),"",SIGN(Q19-P19)*(NETWORKDAYS(MIN(P19,Q19),MAX(P19,Q19))-1)) -> 0 | S19: =IF(AND(M19>=90%,M19<=100%),"Yes","No") -> Yes | T19: 46234 | U19: 46280 | V19: 6th Aug: Query from SCM: Feed dispenser – pipe details & source details of the product developed. 7th Aug: We will confirm the results of the thickness variation and power consumption tests on Monday. 12th Aug: Today rework will complete and Tomorrow test will be finished. 13th Aug: 14th Aug 2026 - will get details from design team 18th-Aug-2026: Received updated drawing and pipe details. MOQ: 40 tubes/pipes - 1800-2000 no's - supplier under working Note: If the XT30/XT60 -> The IP may fail. Pavan, could you please look into it once? | W19: 46237 | Z19: 46238 | AA19: 46252 | AD19: 10 | AE19: High | AF19: =IF(OR(T19="",AE19=""),"",WORKDAY(T19,IF(AE19="Low",30,IF(AE19="Medium",45,IF(AE19="High",60,""))))) -> 46318 | AI19: =IF(OR(U19="",AG19=""),"",SIGN(AG19-U19)*(NETWORKDAYS(MIN(U19,AG19),MAX(U19,AG19))-1))
A20: 18 | B20: 46210 | C20: TBA | D20: 12V Dispenser motor | E20: New | F20: New - Critical | G20: HW | H20: 0 | I20: A | J20: 1 | K20: 46211 | L20: 46239 | M20: 0.9 | N20: Yes | O20: =IF(OR(K20="",L20=""),"",SIGN(L20-K20)*(NETWORKDAYS(MIN(K20,L20),MAX(K20,L20))-1)) -> 20 | P20: 46233 | Q20: 46240 | R20: =IF(OR(P20="",Q20=""),"",SIGN(Q20-P20)*(NETWORKDAYS(MIN(P20,Q20),MAX(P20,Q20))-1)) -> 5 | S20: =IF(AND(M20>=90%,M20<=100%),"Yes","No") -> Yes | T20: 46234 | U20: 46280 | V20: HW Comments (30th July 2026): Motor procurement can start. Any cable modification can be carried out by a harness vendor. Timeline: Drawing will be ready by 4th Aug. Motor and cable. Along with an assembly drawing. Get the warrenty details | W20: 46237 | X20: 46244 | Z20: 46247 | AD20: 10 | AE20: High | AF20: =IF(OR(T20="",AE20=""),"",WORKDAY(T20,IF(AE20="Low",30,IF(AE20="Medium",45,IF(AE20="High",60,""))))) -> 46318 | AI20: =IF(OR(U20="",AG20=""),"",SIGN(AG20-U20)*(NETWORKDAYS(MIN(U20,AG20),MAX(U20,AG20))-1)) | AJ20: 1. Specification change may require new PN, setup, MOQ, and price revision. 2. Wire colours differ from their standard; Blue + Red combination can be provided for samples. 3. New shaft material has longer lead time, so sample timeline is not yet confirmed. 4. Current PN 10213 pricing is based on bulk availability. 5. Vendor needs MOQ and ordering schedule to proceed. 6. Stock available? - 20 No's
A21: 19 | B21: 46210 | C21: TBA | D21: Dispenser Motor holder | E21: New | F21: New - Regular | G21: Mech | H21: 0 | J21: 1 | K21: 46211 | L21: 46211 | M21: 0.9 | N21: Yes | O21: =IF(OR(K21="",L21=""),"",SIGN(L21-K21)*(NETWORKDAYS(MIN(K21,L21),MAX(K21,L21))-1)) -> 0 | P21: 46233 | Q21: 46218 | R21: =IF(OR(P21="",Q21=""),"",SIGN(Q21-P21)*(NETWORKDAYS(MIN(P21,Q21),MAX(P21,Q21))-1)) -> -11 | S21: =IF(AND(M21>=90%,M21<=100%),"Yes","No") -> Yes | T21: 46234 | U21: 46280 | W21: 46237 | X21: 46244 | Z21: 46238 | AA21: 46241 | AB21: 46241 | AC21: 46262 | AD21: 10 | AE21: Low | AF21: =IF(OR(T21="",AE21=""),"",WORKDAY(T21,IF(AE21="Low",30,IF(AE21="Medium",45,IF(AE21="High",60,""))))) -> 46276 | AH21: 46266 | AI21: =IF(OR(U21="",AG21=""),"",SIGN(AG21-U21)*(NETWORKDAYS(MIN(U21,AG21),MAX(U21,AG21))-1))
D30: XT-60 Male Connector
D31: Relay PCB
D32: Cable from PCB doser connector to relay PCB
D33: Inter connect cable from Relay PCB to PM PCB

Sheet FF_2026
A1: Design Readiness | Q1: Part Qualification Readiness | X1: Sourcing Readiness | AM1: Supplier Qualification | AR1: Sample / Lot Procurement | AW1: Factory Handover Rediness
A2: Sl.No | B2: PE Kick-off Date | C2: Part Number | D2: Part Discription | E2: Part Type | F2: Scope | G2: Part Category | H2: Part Function | I2: BOM Rev. No | J2: Rev. No | K2: Qty | L2: Design Readiness Planned | M2: Design Readiness Actual | N2: Maturity % | O2: Doc. Rec'd | P2: Status (Days) | Q2: PE Verif. Planned | R2: PE Verif. Actual | S2: Status (Days) | T2: Ready for PQ | U2: Drawing / Spec to SCM | V2: Sourcing Target Date | W2: Comments/ Remarks | X2: Drawing / Spec to Vendors | Y2: RFQ released | Z2: Vendors Identification Planned | AA2: Technical queries closure | AB2: Vendors Identification Actual | AC2: Quotations received | AD2: Vendor Finalization ((ToCo,) | AE2: Shortlisted Supplier Name | AF2: Sample size | AG2: Release of PO | AH2: Lead Time Type | AI2: Lead time confirmation Planned | AJ2: Lead time confirmation Actual | AK2: Status (Days) | AL2: Remarks/ Comments | AM2: Vendor visit Required | AN2: PPAP/FAI (if applicable) | AO2: Sample approval | AP2: Quality & MF agreements | AQ2: Remarks/ Comments | AR2: Samplet dispatch | AS2: Sample receipt | AT2: QA (CFT) | AU2: Distpacth Sample to Design | AV2: Remarks/ Comments | AW2: Check Form & Fit | AX2: Testing | AY2: Open Issues | AZ2: Design Changes | BA2: BOM revision updates | BB2: Part Qualification Required | BC2: Part Approval | BD2: Remarks/ Comments
A3: 1 | B3: 46210 | C3: TBA | D3: PM125 SQ- Float Version | E3: New | F3: Eruvaka | G3: New - Critical | H3: Mech | I3: r1 | K3: 1 | L3: 46211 | N3: 0.95 | P3: =IF(OR(L3="",M3=""),"",SIGN(M3-L3)*(NETWORKDAYS(MIN(L3,M3),MAX(L3,M3))-1)) | S3: =IF(OR(Q3="",R3=""),"",SIGN(R3-Q3)*(NETWORKDAYS(MIN(Q3,R3),MAX(Q3,R3))-1)) | T3: =IF(AND(N3>=90%,N3<=100%),"Yes","No") -> Yes | AF3: 10 | AK3: =IF(OR(AI3="",AJ3=""),"",SIGN(AJ3-AI3)*(NETWORKDAYS(MIN(AI3,AJ3),MAX(AI3,AJ3))-1))
A4: 2 | B4: 46210 | C4: ERLPM04 | D4: SQ125 Structure Assy | E4: Carryover | F4: Eruvaka | G4: Carryover - Critical | H4: Mech | I4: r1 | K4: 1 | L4: 46211 | M4: 46211 | N4: 1 | P4: =IF(OR(L4="",M4=""),"",SIGN(M4-L4)*(NETWORKDAYS(MIN(L4,M4),MAX(L4,M4))-1)) -> 0 | S4: =IF(OR(Q4="",R4=""),"",SIGN(R4-Q4)*(NETWORKDAYS(MIN(Q4,R4),MAX(Q4,R4))-1)) | T4: =IF(AND(N4>=90%,N4<=100%),"Yes","No") -> Yes | AF4: 10 | AK4: =IF(OR(AI4="",AJ4=""),"",SIGN(AJ4-AI4)*(NETWORKDAYS(MIN(AI4,AJ4),MAX(AI4,AJ4))-1))
A5: 3 | B5: 46210 | C5: ER790 | D5: SQ125 Spider | E5: Carryover | F5: Eruvaka | G5: Carryover - Critical | H5: Mech | I5: r1 | K5: 1 | L5: 46211 | M5: 46211 | N5: 1 | P5: =IF(OR(L5="",M5=""),"",SIGN(M5-L5)*(NETWORKDAYS(MIN(L5,M5),MAX(L5,M5))-1)) -> 0 | S5: =IF(OR(Q5="",R5=""),"",SIGN(R5-Q5)*(NETWORKDAYS(MIN(Q5,R5),MAX(Q5,R5))-1)) | T5: =IF(AND(N5>=90%,N5<=100%),"Yes","No") -> Yes | AF5: 10 | AK5: =IF(OR(AI5="",AJ5=""),"",SIGN(AJ5-AI5)*(NETWORKDAYS(MIN(AI5,AJ5),MAX(AI5,AJ5))-1))
A6: 4 | B6: 46210 | C6: ER791 | D6: SQ125 Pipe | E6: Carryover | F6: Eruvaka | G6: Carryover - Critical | H6: Mech | I6: r1 | K6: 4 | L6: 46211 | M6: 46211 | N6: 1 | P6: =IF(OR(L6="",M6=""),"",SIGN(M6-L6)*(NETWORKDAYS(MIN(L6,M6),MAX(L6,M6))-1)) -> 0 | S6: =IF(OR(Q6="",R6=""),"",SIGN(R6-Q6)*(NETWORKDAYS(MIN(Q6,R6),MAX(Q6,R6))-1)) | T6: =IF(AND(N6>=90%,N6<=100%),"Yes","No") -> Yes | AF6: 10 | AK6: =IF(OR(AI6="",AJ6=""),"",SIGN(AJ6-AI6)*(NETWORKDAYS(MIN(AI6,AJ6),MAX(AI6,AJ6))-1))
A7: 5 | B7: 46210 | C7: ER792 | D7: SQ125 H Structure | E7: Carryover | F7: Eruvaka | G7: Carryover - Critical | H7: Mech | I7: r1 | K7: 1 | L7: 46211 | M7: 46211 | N7: 1 | P7: =IF(OR(L7="",M7=""),"",SIGN(M7-L7)*(NETWORKDAYS(MIN(L7,M7),MAX(L7,M7))-1)) -> 0 | S7: =IF(OR(Q7="",R7=""),"",SIGN(R7-Q7)*(NETWORKDAYS(MIN(Q7,R7),MAX(Q7,R7))-1)) | T7: =IF(AND(N7>=90%,N7<=100%),"Yes","No") -> Yes | AF7: 10 | AK7: =IF(OR(AI7="",AJ7=""),"",SIGN(AJ7-AI7)*(NETWORKDAYS(MIN(AI7,AJ7),MAX(AI7,AJ7))-1))
A8: 6 | B8: 46210 | C8: ERFS072 | D8: M8 X 55 Hex head bolt | E8: Carryover | F8: Eruvaka | G8: Carryover - Regular | H8: Mech | I8: r1 | K8: =16+2+2 -> 20 | L8: 46211 | M8: 46211 | N8: 1 | P8: =IF(OR(L8="",M8=""),"",SIGN(M8-L8)*(NETWORKDAYS(MIN(L8,M8),MAX(L8,M8))-1)) -> 0 | S8: =IF(OR(Q8="",R8=""),"",SIGN(R8-Q8)*(NETWORKDAYS(MIN(Q8,R8),MAX(Q8,R8))-1)) | T8: =IF(AND(N8>=90%,N8<=100%),"Yes","No") -> Yes | AF8: 10 | AK8: =IF(OR(AI8="",AJ8=""),"",SIGN(AJ8-AI8)*(NETWORKDAYS(MIN(AI8,AJ8),MAX(AI8,AJ8))-1))
A9: 7 | B9: 46210 | C9: ERFS018 | D9: M8 Washer | E9: Carryover | F9: Eruvaka | G9: Carryover - Regular | H9: Mech | I9: r1 | K9: =32+4+8+4+2 -> 50 | L9: 46211 | M9: 46211 | N9: 1 | P9: =IF(OR(L9="",M9=""),"",SIGN(M9-L9)*(NETWORKDAYS(MIN(L9,M9),MAX(L9,M9))-1)) -> 0 | S9: =IF(OR(Q9="",R9=""),"",SIGN(R9-Q9)*(NETWORKDAYS(MIN(Q9,R9),MAX(Q9,R9))-1)) | T9: =IF(AND(N9>=90%,N9<=100%),"Yes","No") -> Yes | AF9: 10 | AK9: =IF(OR(AI9="",AJ9=""),"",SIGN(AJ9-AI9)*(NETWORKDAYS(MIN(AI9,AJ9),MAX(AI9,AJ9))-1))
A10: 8 | B10: 46210 | C10: ERFS020 | D10: M8 Nut | E10: Carryover | F10: Eruvaka | G10: Carryover - Regular | H10: Mech | I10: r1 | K10: =16+4+4+2+2 -> 28 | L10: 46211 | M10: 46211 | N10: 1 | P10: =IF(OR(L10="",M10=""),"",SIGN(M10-L10)*(NETWORKDAYS(MIN(L10,M10),MAX(L10,M10))-1)) -> 0 | S10: =IF(OR(Q10="",R10=""),"",SIGN(R10-Q10)*(NETWORKDAYS(MIN(Q10,R10),MAX(Q10,R10))-1)) | T10: =IF(AND(N10>=90%,N10<=100%),"Yes","No") -> Yes | AF10: 10 | AK10: =IF(OR(AI10="",AJ10=""),"",SIGN(AJ10-AI10)*(NETWORKDAYS(MIN(AI10,AJ10),MAX(AI10,AJ10))-1))
A11: 9 | B11: 46210 | C11: ERPA018 | D11: Strech film | E11: Carryover | F11: Eruvaka | G11: Carryover - Regular | H11: Mech | I11: r1 | K11: =200+40+100 -> 340 | L11: 46211 | M11: 46211 | N11: 1 | P11: =IF(OR(L11="",M11=""),"",SIGN(M11-L11)*(NETWORKDAYS(MIN(L11,M11),MAX(L11,M11))-1)) -> 0 | S11: =IF(OR(Q11="",R11=""),"",SIGN(R11-Q11)*(NETWORKDAYS(MIN(Q11,R11),MAX(Q11,R11))-1)) | T11: =IF(AND(N11>=90%,N11<=100%),"Yes","No") -> Yes | AF11: 10 | AK11: =IF(OR(AI11="",AJ11=""),"",SIGN(AJ11-AI11)*(NETWORKDAYS(MIN(AI11,AJ11),MAX(AI11,AJ11))-1))
A12: 10 | B12: 46210 | C12: ERPA008 | D12: Strech film | E12: Carryover | F12: Eruvaka | G12: Carryover - Regular | H12: Mech | I12: r1 | K12: 100 | L12: 46211 | M12: 46211 | N12: 1 | P12: =IF(OR(L12="",M12=""),"",SIGN(M12-L12)*(NETWORKDAYS(MIN(L12,M12),MAX(L12,M12))-1)) -> 0 | S12: =IF(OR(Q12="",R12=""),"",SIGN(R12-Q12)*(NETWORKDAYS(MIN(Q12,R12),MAX(Q12,R12))-1)) | T12: =IF(AND(N12>=90%,N12<=100%),"Yes","No") -> Yes | AF12: 10 | AK12: =IF(OR(AI12="",AJ12=""),"",SIGN(AJ12-AI12)*(NETWORKDAYS(MIN(AI12,AJ12),MAX(AI12,AJ12))-1))
A13: 11 | B13: 46210 | C13: ERLPM05 | D13: SQ125 Hopper Assembly | E13: Carryover | F13: Eruvaka | G13: Carryover - Regular | H13: Mech | I13: r1 | K13: 1 | L13: 46211 | M13: 46211 | N13: 1 | P13: =IF(OR(L13="",M13=""),"",SIGN(M13-L13)*(NETWORKDAYS(MIN(L13,M13),MAX(L13,M13))-1)) -> 0 | S13: =IF(OR(Q13="",R13=""),"",SIGN(R13-Q13)*(NETWORKDAYS(MIN(Q13,R13),MAX(Q13,R13))-1)) | T13: =IF(AND(N13>=90%,N13<=100%),"Yes","No") -> Yes | AF13: 10 | AK13: =IF(OR(AI13="",AJ13=""),"",SIGN(AJ13-AI13)*(NETWORKDAYS(MIN(AI13,AJ13),MAX(AI13,AJ13))-1))
A14: 12 | B14: 46210 | C14: ER785 | D14: SQ125 Square Hopper | E14: Carryover | F14: Eruvaka | G14: Carryover - Critical | H14: Mech | I14: r1 | K14: 1 | L14: 46211 | M14: 46211 | N14: 1 | P14: =IF(OR(L14="",M14=""),"",SIGN(M14-L14)*(NETWORKDAYS(MIN(L14,M14),MAX(L14,M14))-1)) -> 0 | S14: =IF(OR(Q14="",R14=""),"",SIGN(R14-Q14)*(NETWORKDAYS(MIN(Q14,R14),MAX(Q14,R14))-1)) | T14: =IF(AND(N14>=90%,N14<=100%),"Yes","No") -> Yes | AF14: 10 | AK14: =IF(OR(AI14="",AJ14=""),"",SIGN(AJ14-AI14)*(NETWORKDAYS(MIN(AI14,AJ14),MAX(AI14,AJ14))-1))
A15: 13 | B15: 46210 | C15: ER828 | D15: Pre-Mould Eruvaka Logo | E15: Carryover | F15: Eruvaka | G15: Carryover - Regular | H15: Mech | I15: r1 | K15: 1 | L15: 46211 | M15: 46211 | N15: 1 | P15: =IF(OR(L15="",M15=""),"",SIGN(M15-L15)*(NETWORKDAYS(MIN(L15,M15),MAX(L15,M15))-1)) -> 0 | S15: =IF(OR(Q15="",R15=""),"",SIGN(R15-Q15)*(NETWORKDAYS(MIN(Q15,R15),MAX(Q15,R15))-1)) | T15: =IF(AND(N15>=90%,N15<=100%),"Yes","No") -> Yes | AF15: 10 | AK15: =IF(OR(AI15="",AJ15=""),"",SIGN(AJ15-AI15)*(NETWORKDAYS(MIN(AI15,AJ15),MAX(AI15,AJ15))-1))
A16: 14 | B16: 46210 | C16: ER829 | D16: Pre-Mould Eruvaka Text - Blue | E16: Carryover | F16: Eruvaka | G16: Carryover - Regular | H16: Mech | I16: r1 | K16: 1 | L16: 46211 | M16: 46211 | N16: 1 | P16: =IF(OR(L16="",M16=""),"",SIGN(M16-L16)*(NETWORKDAYS(MIN(L16,M16),MAX(L16,M16))-1)) -> 0 | S16: =IF(OR(Q16="",R16=""),"",SIGN(R16-Q16)*(NETWORKDAYS(MIN(Q16,R16),MAX(Q16,R16))-1)) | T16: =IF(AND(N16>=90%,N16<=100%),"Yes","No") -> Yes | AF16: 10 | AK16: =IF(OR(AI16="",AJ16=""),"",SIGN(AJ16-AI16)*(NETWORKDAYS(MIN(AI16,AJ16),MAX(AI16,AJ16))-1))
A17: 15 | B17: 46210 | C17: ER830 | D17: Pre-Mould PondMother - Blue | E17: Carryover | F17: Eruvaka | G17: Carryover - Regular | H17: Mech | I17: r1 | K17: 1 | L17: 46211 | M17: 46211 | N17: 1 | P17: =IF(OR(L17="",M17=""),"",SIGN(M17-L17)*(NETWORKDAYS(MIN(L17,M17),MAX(L17,M17))-1)) -> 0 | S17: =IF(OR(Q17="",R17=""),"",SIGN(R17-Q17)*(NETWORKDAYS(MIN(Q17,R17),MAX(Q17,R17))-1)) | T17: =IF(AND(N17>=90%,N17<=100%),"Yes","No") -> Yes | AF17: 10 | AK17: =IF(OR(AI17="",AJ17=""),"",SIGN(AJ17-AI17)*(NETWORKDAYS(MIN(AI17,AJ17),MAX(AI17,AJ17))-1))
A18: 16 | B18: 46210 | C18: ER831 | D18: Pre-Mould Skretting Logo - Red | E18: Carryover | F18: Eruvaka | G18: Carryover - Regular | H18: Mech | I18: r1 | K18: 1 | L18: 46211 | M18: 46211 | N18: 1 | P18: =IF(OR(L18="",M18=""),"",SIGN(M18-L18)*(NETWORKDAYS(MIN(L18,M18),MAX(L18,M18))-1)) -> 0 | S18: =IF(OR(Q18="",R18=""),"",SIGN(R18-Q18)*(NETWORKDAYS(MIN(Q18,R18),MAX(Q18,R18))-1)) | T18: =IF(AND(N18>=90%,N18<=100%),"Yes","No") -> Yes | AF18: 10 | AK18: =IF(OR(AI18="",AJ18=""),"",SIGN(AJ18-AI18)*(NETWORKDAYS(MIN(AI18,AJ18),MAX(AI18,AJ18))-1))
A19: 17 | B19: 46210 | C19: ER789 | D19: SQ125 Rain Cap (Red) | E19: Carryover | F19: Eruvaka | G19: Carryover - Critical | H19: Mech | I19: r1 | K19: 1 | L19: 46211 | M19: 46211 | N19: 1 | P19: =IF(OR(L19="",M19=""),"",SIGN(M19-L19)*(NETWORKDAYS(MIN(L19,M19),MAX(L19,M19))-1)) -> 0 | S19: =IF(OR(Q19="",R19=""),"",SIGN(R19-Q19)*(NETWORKDAYS(MIN(Q19,R19),MAX(Q19,R19))-1)) | T19: =IF(AND(N19>=90%,N19<=100%),"Yes","No") -> Yes | AF19: 10 | AK19: =IF(OR(AI19="",AJ19=""),"",SIGN(AJ19-AI19)*(NETWORKDAYS(MIN(AI19,AJ19),MAX(AI19,AJ19))-1))
A20: 18 | B20: 46210 | C20: ERC092 | D20: Teflon Tape | E20: Carryover | F20: Eruvaka | G20: Carryover - Regular | H20: Mech | I20: r1 | K20: 2 | L20: 46211 | M20: 46211 | N20: 1 | P20: =IF(OR(L20="",M20=""),"",SIGN(M20-L20)*(NETWORKDAYS(MIN(L20,M20),MAX(L20,M20))-1)) -> 0 | S20: =IF(OR(Q20="",R20=""),"",SIGN(R20-Q20)*(NETWORKDAYS(MIN(Q20,R20),MAX(Q20,R20))-1)) | T20: =IF(AND(N20>=90%,N20<=100%),"Yes","No") -> Yes | AF20: 10 | AK20: =IF(OR(AI20="",AJ20=""),"",SIGN(AJ20-AI20)*(NETWORKDAYS(MIN(AI20,AJ20),MAX(AI20,AJ20))-1))
A21: 19 | B21: 46210 | C21: ERC071 | D21: Desiccant Silica Gel | E21: Carryover | F21: Eruvaka | G21: Carryover - Regular | H21: Mech | I21: r1 | K21: 1 | L21: 46211 | M21: 46211 | N21: 1 | P21: =IF(OR(L21="",M21=""),"",SIGN(M21-L21)*(NETWORKDAYS(MIN(L21,M21),MAX(L21,M21))-1)) -> 0 | S21: =IF(OR(Q21="",R21=""),"",SIGN(R21-Q21)*(NETWORKDAYS(MIN(Q21,R21),MAX(Q21,R21))-1)) | T21: =IF(AND(N21>=90%,N21<=100%),"Yes","No") -> Yes | AF21: 10 | AK21: =IF(OR(AI21="",AJ21=""),"",SIGN(AJ21-AI21)*(NETWORKDAYS(MIN(AI21,AJ21),MAX(AI21,AJ21))-1))
A22: 20 | B22: 46210 | C22: ER032 | D22: PG11 (Gland + Lock nut+O ring) | E22: Carryover | F22: Eruvaka | G22: Carryover - Regular | H22: Mech | I22: r1 | K22: =2+4 -> 6 | L22: 46211 | M22: 46211 | N22: 1 | P22: =IF(OR(L22="",M22=""),"",SIGN(M22-L22)*(NETWORKDAYS(MIN(L22,M22),MAX(L22,M22))-1)) -> 0 | S22: =IF(OR(Q22="",R22=""),"",SIGN(R22-Q22)*(NETWORKDAYS(MIN(Q22,R22),MAX(Q22,R22))-1)) | T22: =IF(AND(N22>=90%,N22<=100%),"Yes","No") -> Yes | AF22: 10 | AK22: =IF(OR(AI22="",AJ22=""),"",SIGN(AJ22-AI22)*(NETWORKDAYS(MIN(AI22,AJ22),MAX(AI22,AJ22))-1))
A23: 21 | B23: 46210 | C23: TBA | D23: H- Plate | E23: New | F23: Eruvaka | G23: New - Critical | H23: Mech | I23: r0 | J23: 0 | K23: 1 | L23: 46211 | M23: 46211 | N23: 0.9 | O23: Yes | P23: =IF(OR(L23="",M23=""),"",SIGN(M23-L23)*(NETWORKDAYS(MIN(L23,M23),MAX(L23,M23))-1)) -> 0 | Q23: 46233 | R23: 46218 | S23: =IF(OR(Q23="",R23=""),"",SIGN(R23-Q23)*(NETWORKDAYS(MIN(Q23,R23),MAX(Q23,R23))-1)) -> -11 | T23: =IF(AND(N23>=90%,N23<=100%),"Yes","No") -> Yes | U23: 46234 | V23: 46280 | W23: Feedback from the Supplier - Jig/fixtures needed after samples finalisation before production they will make ready | X23: 46237 | Y23: 46238 | Z23: 46244 | AA23: 46241 | AB23: =AJ23 -> 46290 | AC23: 46241 | AD23: 46262 | AE23: G Industries | AF23: 10 | AG23: 46266 | AH23: Medium | AI23: =IF(OR(AD23="",AH23=""),"",WORKDAY(AD23,IF(AH23="Low",30,IF(AH23="Medium",45,IF(AH23="High",60,""))))) -> 46325 | AJ23: 46290 | AK23: =IF(OR(AI23="",AJ23=""),"",SIGN(AJ23-AI23)*(NETWORKDAYS(MIN(AI23,AJ23),MAX(AI23,AJ23))-1)) -> -25
A24: 22 | B24: 46210 | C24: ERFS070 | D24: M8 Lock washer | E24: Carryover | F24: Eruvaka | G24: Carryover - Regular | H24: Mech | I24: r1 | K24: 4 | L24: 46211 | M24: 46211 | N24: 1 | P24: =IF(OR(L24="",M24=""),"",SIGN(M24-L24)*(NETWORKDAYS(MIN(L24,M24),MAX(L24,M24))-1)) -> 0 | S24: =IF(OR(Q24="",R24=""),"",SIGN(R24-Q24)*(NETWORKDAYS(MIN(Q24,R24),MAX(Q24,R24))-1)) | T24: =IF(AND(N24>=90%,N24<=100%),"Yes","No") -> Yes | AF24: 10 | AK24: =IF(OR(AI24="",AJ24=""),"",SIGN(AJ24-AI24)*(NETWORKDAYS(MIN(AI24,AJ24),MAX(AI24,AJ24))-1))
A25: 23 | B25: 46210 | C25: ER010 | D25: Top Lid | E25: Carryover | F25: Eruvaka | G25: Carryover - Critical | H25: Mech | I25: r1 | K25: 1 | L25: 46211 | M25: 46211 | N25: 1 | P25: =IF(OR(L25="",M25=""),"",SIGN(M25-L25)*(NETWORKDAYS(MIN(L25,M25),MAX(L25,M25))-1)) -> 0 | S25: =IF(OR(Q25="",R25=""),"",SIGN(R25-Q25)*(NETWORKDAYS(MIN(Q25,R25),MAX(Q25,R25))-1)) | T25: =IF(AND(N25>=90%,N25<=100%),"Yes","No") -> Yes | AF25: 10 | AK25: =IF(OR(AI25="",AJ25=""),"",SIGN(AJ25-AI25)*(NETWORKDAYS(MIN(AI25,AJ25),MAX(AI25,AJ25))-1))
A26: 24 | B26: 46210 | C26: ER014 | D26: Knob Handle | E26: Carryover | F26: Eruvaka | G26: Carryover - Regular | H26: Mech | I26: r1 | K26: 1 | L26: 46211 | M26: 46211 | N26: 1 | P26: =IF(OR(L26="",M26=""),"",SIGN(M26-L26)*(NETWORKDAYS(MIN(L26,M26),MAX(L26,M26))-1)) -> 0 | S26: =IF(OR(Q26="",R26=""),"",SIGN(R26-Q26)*(NETWORKDAYS(MIN(Q26,R26),MAX(Q26,R26))-1)) | T26: =IF(AND(N26>=90%,N26<=100%),"Yes","No") -> Yes | AF26: 10 | AK26: =IF(OR(AI26="",AJ26=""),"",SIGN(AJ26-AI26)*(NETWORKDAYS(MIN(AI26,AJ26),MAX(AI26,AJ26))-1))
A27: 25 | B27: 46210 | C27: ERFS007 | D27: M4X10 Hex head bolt | E27: Carryover | F27: Eruvaka | G27: Carryover - Regular | H27: Mech | I27: r1 | K27: 1 | L27: 46211 | M27: 46211 | N27: 1 | P27: =IF(OR(L27="",M27=""),"",SIGN(M27-L27)*(NETWORKDAYS(MIN(L27,M27),MAX(L27,M27))-1)) -> 0 | S27: =IF(OR(Q27="",R27=""),"",SIGN(R27-Q27)*(NETWORKDAYS(MIN(Q27,R27),MAX(Q27,R27))-1)) | T27: =IF(AND(N27>=90%,N27<=100%),"Yes","No") -> Yes | AF27: 10 | AK27: =IF(OR(AI27="",AJ27=""),"",SIGN(AJ27-AI27)*(NETWORKDAYS(MIN(AI27,AJ27),MAX(AI27,AJ27))-1))
A28: 26 | B28: 46210 | C28: ER490 | D28: LID MAGNET ASSY | E28: Carryover | F28: Eruvaka | G28: Carryover - Regular | H28: Mech | I28: r1 | K28: 1 | L28: 46211 | M28: 46211 | N28: 1 | P28: =IF(OR(L28="",M28=""),"",SIGN(M28-L28)*(NETWORKDAYS(MIN(L28,M28),MAX(L28,M28))-1)) -> 0 | S28: =IF(OR(Q28="",R28=""),"",SIGN(R28-Q28)*(NETWORKDAYS(MIN(Q28,R28),MAX(Q28,R28))-1)) | T28: =IF(AND(N28>=90%,N28<=100%),"Yes","No") -> Yes | AF28: 10 | AK28: =IF(OR(AI28="",AJ28=""),"",SIGN(AJ28-AI28)*(NETWORKDAYS(MIN(AI28,AJ28),MAX(AI28,AJ28))-1))
A29: 27 | B29: 46210 | C29: ER088 | D29: Lid Magnet Holder | E29: Carryover | F29: Eruvaka | G29: Carryover - Regular | H29: Mech | I29: r1 | K29: 2 | L29: 46211 | M29: 46211 | N29: 1 | P29: =IF(OR(L29="",M29=""),"",SIGN(M29-L29)*(NETWORKDAYS(MIN(L29,M29),MAX(L29,M29))-1)) -> 0 | S29: =IF(OR(Q29="",R29=""),"",SIGN(R29-Q29)*(NETWORKDAYS(MIN(Q29,R29),MAX(Q29,R29))-1)) | T29: =IF(AND(N29>=90%,N29<=100%),"Yes","No") -> Yes | AF29: 10 | AK29: =IF(OR(AI29="",AJ29=""),"",SIGN(AJ29-AI29)*(NETWORKDAYS(MIN(AI29,AJ29),MAX(AI29,AJ29))-1))
A30: 28 | B30: 46210 | C30: ER086 | D30: Lid Magnet | E30: Carryover | F30: Eruvaka | G30: Carryover - Regular | H30: Mech | I30: r1 | K30: 2 | L30: 46211 | M30: 46211 | N30: 1 | P30: =IF(OR(L30="",M30=""),"",SIGN(M30-L30)*(NETWORKDAYS(MIN(L30,M30),MAX(L30,M30))-1)) -> 0 | S30: =IF(OR(Q30="",R30=""),"",SIGN(R30-Q30)*(NETWORKDAYS(MIN(Q30,R30),MAX(Q30,R30))-1)) | T30: =IF(AND(N30>=90%,N30<=100%),"Yes","No") -> Yes | AF30: 10 | AK30: =IF(OR(AI30="",AJ30=""),"",SIGN(AJ30-AI30)*(NETWORKDAYS(MIN(AI30,AJ30),MAX(AI30,AJ30))-1))
A31: 29 | B31: 46210 | C31: ER085 | D31: Lid Magnet Clamp | E31: Carryover | F31: Eruvaka | G31: Carryover - Regular | H31: Mech | I31: r1 | K31: 2 | L31: 46211 | M31: 46211 | N31: 1 | P31: =IF(OR(L31="",M31=""),"",SIGN(M31-L31)*(NETWORKDAYS(MIN(L31,M31),MAX(L31,M31))-1)) -> 0 | S31: =IF(OR(Q31="",R31=""),"",SIGN(R31-Q31)*(NETWORKDAYS(MIN(Q31,R31),MAX(Q31,R31))-1)) | T31: =IF(AND(N31>=90%,N31<=100%),"Yes","No") -> Yes | AF31: 10 | AK31: =IF(OR(AI31="",AJ31=""),"",SIGN(AJ31-AI31)*(NETWORKDAYS(MIN(AI31,AJ31),MAX(AI31,AJ31))-1))
A32: 30 | B32: 46210 | C32: ER150 | D32: Rivets (4mm Dia x 18mm length) | E32: Carryover | F32: Eruvaka | G32: Carryover - Regular | H32: Mech | I32: r1 | K32: 8 | L32: 46211 | M32: 46211 | N32: 1 | P32: =IF(OR(L32="",M32=""),"",SIGN(M32-L32)*(NETWORKDAYS(MIN(L32,M32),MAX(L32,M32))-1)) -> 0 | S32: =IF(OR(Q32="",R32=""),"",SIGN(R32-Q32)*(NETWORKDAYS(MIN(Q32,R32),MAX(Q32,R32))-1)) | T32: =IF(AND(N32>=90%,N32<=100%),"Yes","No") -> Yes | AF32: 10 | AK32: =IF(OR(AI32="",AJ32=""),"",SIGN(AJ32-AI32)*(NETWORKDAYS(MIN(AI32,AJ32),MAX(AI32,AJ32))-1))
A33: 31 | B33: 46210 | C33: ER151 | D33: Rivet Washer (ID-4.5mm OD-8mm) | E33: Carryover | F33: Eruvaka | G33: Carryover - Regular | H33: Mech | I33: r1 | K33: 8 | L33: 46211 | M33: 46211 | N33: 1 | P33: =IF(OR(L33="",M33=""),"",SIGN(M33-L33)*(NETWORKDAYS(MIN(L33,M33),MAX(L33,M33))-1)) -> 0 | S33: =IF(OR(Q33="",R33=""),"",SIGN(R33-Q33)*(NETWORKDAYS(MIN(Q33,R33),MAX(Q33,R33))-1)) | T33: =IF(AND(N33>=90%,N33<=100%),"Yes","No") -> Yes | AF33: 10 | AK33: =IF(OR(AI33="",AJ33=""),"",SIGN(AJ33-AI33)*(NETWORKDAYS(MIN(AI33,AJ33),MAX(AI33,AJ33))-1))
A34: 32 | B34: 46210 | C34: ERFS048 | D34: M8x100 Hex head bolt | E34: Carryover | F34: Eruvaka | G34: Carryover - Regular | H34: Mech | I34: r1 | K34: 2 | L34: 46211 | M34: 46211 | N34: 1 | P34: =IF(OR(L34="",M34=""),"",SIGN(M34-L34)*(NETWORKDAYS(MIN(L34,M34),MAX(L34,M34))-1)) -> 0 | S34: =IF(OR(Q34="",R34=""),"",SIGN(R34-Q34)*(NETWORKDAYS(MIN(Q34,R34),MAX(Q34,R34))-1)) | T34: =IF(AND(N34>=90%,N34<=100%),"Yes","No") -> Yes | AF34: 10 | AK34: =IF(OR(AI34="",AJ34=""),"",SIGN(AJ34-AI34)*(NETWORKDAYS(MIN(AI34,AJ34),MAX(AI34,AJ34))-1))
A35: 33 | B35: 46210 | C35: ERFS050 | D35: M8 Locknut | E35: Carryover | F35: Eruvaka | G35: Carryover - Regular | H35: Mech | I35: r1 | K35: 2 | L35: 46211 | M35: 46211 | N35: 1 | P35: =IF(OR(L35="",M35=""),"",SIGN(M35-L35)*(NETWORKDAYS(MIN(L35,M35),MAX(L35,M35))-1)) -> 0 | S35: =IF(OR(Q35="",R35=""),"",SIGN(R35-Q35)*(NETWORKDAYS(MIN(Q35,R35),MAX(Q35,R35))-1)) | T35: =IF(AND(N35>=90%,N35<=100%),"Yes","No") -> Yes | AF35: 10 | AK35: =IF(OR(AI35="",AJ35=""),"",SIGN(AJ35-AI35)*(NETWORKDAYS(MIN(AI35,AJ35),MAX(AI35,AJ35))-1))
A36: 34 | B36: 46210 | C36: ER022 | D36: Solar Panel 40 watt | E36: Carryover | F36: Eruvaka | G36: Carryover - Regular | H36: HW | I36: r1 | K36: 1 | L36: 46211 | M36: 46211 | N36: 1 | P36: =IF(OR(L36="",M36=""),"",SIGN(M36-L36)*(NETWORKDAYS(MIN(L36,M36),MAX(L36,M36))-1)) -> 0 | S36: =IF(OR(Q36="",R36=""),"",SIGN(R36-Q36)*(NETWORKDAYS(MIN(Q36,R36),MAX(Q36,R36))-1)) | T36: =IF(AND(N36>=90%,N36<=100%),"Yes","No") -> Yes | AF36: 10 | AK36: =IF(OR(AI36="",AJ36=""),"",SIGN(AJ36-AI36)*(NETWORKDAYS(MIN(AI36,AJ36),MAX(AI36,AJ36))-1))
A37: 35 | B37: 46210 | C37: ERFS017 | D37: M6X20 Hex head bolt | E37: Carryover | F37: Eruvaka | G37: Carryover - Regular | H37: Mech | I37: r1 | K37: =4+6 -> 10 | L37: 46211 | M37: 46211 | N37: 1 | P37: =IF(OR(L37="",M37=""),"",SIGN(M37-L37)*(NETWORKDAYS(MIN(L37,M37),MAX(L37,M37))-1)) -> 0 | S37: =IF(OR(Q37="",R37=""),"",SIGN(R37-Q37)*(NETWORKDAYS(MIN(Q37,R37),MAX(Q37,R37))-1)) | T37: =IF(AND(N37>=90%,N37<=100%),"Yes","No") -> Yes | AF37: 10 | AK37: =IF(OR(AI37="",AJ37=""),"",SIGN(AJ37-AI37)*(NETWORKDAYS(MIN(AI37,AJ37),MAX(AI37,AJ37))-1))
A38: 36 | B38: 46210 | C38: ERFS015 | D38: M6 Washer | E38: Carryover | F38: Eruvaka | G38: Carryover - Regular | H38: Mech | I38: r1 | K38: =8+12 -> 20 | L38: 46211 | M38: 46211 | N38: 1 | P38: =IF(OR(L38="",M38=""),"",SIGN(M38-L38)*(NETWORKDAYS(MIN(L38,M38),MAX(L38,M38))-1)) -> 0 | S38: =IF(OR(Q38="",R38=""),"",SIGN(R38-Q38)*(NETWORKDAYS(MIN(Q38,R38),MAX(Q38,R38))-1)) | T38: =IF(AND(N38>=90%,N38<=100%),"Yes","No") -> Yes | AF38: 10 | AK38: =IF(OR(AI38="",AJ38=""),"",SIGN(AJ38-AI38)*(NETWORKDAYS(MIN(AI38,AJ38),MAX(AI38,AJ38))-1))
A39: 37 | B39: 46210 | C39: ERFS014 | D39: M6 Nut | E39: Carryover | F39: Eruvaka | G39: Carryover - Regular | H39: Mech | I39: r1 | K39: 4 | L39: 46211 | M39: 46211 | N39: 1 | P39: =IF(OR(L39="",M39=""),"",SIGN(M39-L39)*(NETWORKDAYS(MIN(L39,M39),MAX(L39,M39))-1)) -> 0 | S39: =IF(OR(Q39="",R39=""),"",SIGN(R39-Q39)*(NETWORKDAYS(MIN(Q39,R39),MAX(Q39,R39))-1)) | T39: =IF(AND(N39>=90%,N39<=100%),"Yes","No") -> Yes | AF39: 10 | AK39: =IF(OR(AI39="",AJ39=""),"",SIGN(AJ39-AI39)*(NETWORKDAYS(MIN(AI39,AJ39),MAX(AI39,AJ39))-1))
A40: 38 | B40: 46210 | C40: ER786 | D40: SQ125 Solar Panel Mounting Bracket | E40: Carryover | F40: Eruvaka | G40: Carryover - Regular | H40: Mech | I40: r1 | K40: 4 | L40: 46211 | M40: 46211 | N40: 1 | P40: =IF(OR(L40="",M40=""),"",SIGN(M40-L40)*(NETWORKDAYS(MIN(L40,M40),MAX(L40,M40))-1)) -> 0 | S40: =IF(OR(Q40="",R40=""),"",SIGN(R40-Q40)*(NETWORKDAYS(MIN(Q40,R40),MAX(Q40,R40))-1)) | T40: =IF(AND(N40>=90%,N40<=100%),"Yes","No") -> Yes | AF40: 10 | AK40: =IF(OR(AI40="",AJ40=""),"",SIGN(AJ40-AI40)*(NETWORKDAYS(MIN(AI40,AJ40),MAX(AI40,AJ40))-1))
A41: 39 | B41: 46210 | C41: ERFS073 | D41: M8 X 65 Hex head bolt | E41: Carryover | F41: Eruvaka | G41: Carryover - Regular | H41: Mech | I41: r1 | K41: 4 | L41: 46211 | M41: 46211 | N41: 1 | P41: =IF(OR(L41="",M41=""),"",SIGN(M41-L41)*(NETWORKDAYS(MIN(L41,M41),MAX(L41,M41))-1)) -> 0 | S41: =IF(OR(Q41="",R41=""),"",SIGN(R41-Q41)*(NETWORKDAYS(MIN(Q41,R41),MAX(Q41,R41))-1)) | T41: =IF(AND(N41>=90%,N41<=100%),"Yes","No") -> Yes | AF41: 10 | AK41: =IF(OR(AI41="",AJ41=""),"",SIGN(AJ41-AI41)*(NETWORKDAYS(MIN(AI41,AJ41),MAX(AI41,AJ41))-1))
A42: 40 | B42: 46210 | C42: TBA | D42: Vertical Doser and Dispencer assembly | E42: New | F42: Eruvaka | G42: New - Critical | H42: Mech | I42: r1 | J42: 0 | K42: 1 | L42: 46211 | M42: 46211 | N42: 0.95 | O42: Yes | P42: =IF(OR(L42="",M42=""),"",SIGN(M42-L42)*(NETWORKDAYS(MIN(L42,M42),MAX(L42,M42))-1)) -> 0 | S42: =IF(OR(Q42="",R42=""),"",SIGN(R42-Q42)*(NETWORKDAYS(MIN(Q42,R42),MAX(Q42,R42))-1)) | T42: =IF(AND(N42>=90%,N42<=100%),"Yes","No") -> Yes | AF42: 10 | AK42: =IF(OR(AI42="",AJ42=""),"",SIGN(AJ42-AI42)*(NETWORKDAYS(MIN(AI42,AJ42),MAX(AI42,AJ42))-1))
A43: 41 | B43: 46210 | C43: TBA | D43: Vertical Doser & Dispenser Structure | E43: New | F43: Eruvaka | G43: New - Critical | H43: Mech | I43: r0 | J43: A | K43: 1 | L43: 46211 | M43: 46233 | N43: 0.9 | O43: Yes | P43: =IF(OR(L43="",M43=""),"",SIGN(M43-L43)*(NETWORKDAYS(MIN(L43,M43),MAX(L43,M43))-1)) -> 16 | Q43: 46233 | R43: 46233 | S43: =IF(OR(Q43="",R43=""),"",SIGN(R43-Q43)*(NETWORKDAYS(MIN(Q43,R43),MAX(Q43,R43))-1)) -> 0 | T43: =IF(AND(N43>=90%,N43<=100%),"Yes","No") -> Yes | U43: 46234 | V43: 46280 | W43: Feedback from the Supplier - Jig/fixtures needed after samples finalisation before production they will make ready | X43: 46237 | Y43: 46238 | Z43: 46244 | AA43: 46241 | AC43: 46241 | AD43: 46262 | AE43: G Industries | AF43: 10 | AG43: 46266 | AH43: Medium | AI43: =IF(OR(AD43="",AH43=""),"",WORKDAY(AD43,IF(AH43="Low",30,IF(AH43="Medium",45,IF(AH43="High",60,""))))) -> 46325 | AJ43: 46290 | AK43: =IF(OR(AI43="",AJ43=""),"",SIGN(AJ43-AI43)*(NETWORKDAYS(MIN(AI43,AJ43),MAX(AI43,AJ43))-1)) -> -25
A44: 42 | B44: 46210 | C44: TBA | D44: Vertical Doser top plate | E44: New | F44: Eruvaka | G44: New - Critical | H44: Mech | I44: r0 | J44: 0 | K44: 1 | L44: 46211 | M44: 46211 | N44: 0.9 | O44: Yes | P44: =IF(OR(L44="",M44=""),"",SIGN(M44-L44)*(NETWORKDAYS(MIN(L44,M44),MAX(L44,M44))-1)) -> 0 | Q44: 46233 | R44: 46218 | S44: =IF(OR(Q44="",R44=""),"",SIGN(R44-Q44)*(NETWORKDAYS(MIN(Q44,R44),MAX(Q44,R44))-1)) -> -11 | T44: =IF(AND(N44>=90%,N44<=100%),"Yes","No") -> Yes | U44: 46234 | V44: 46280 | W44: Feedback from the Supplier - Jig/fixtures needed after samples finalisation before production they will make ready | X44: 46237 | Y44: 46238 | Z44: 46244 | AA44: 46241 | AC44: 46241 | AD44: 46262 | AE44: G Industries | AF44: 10 | AG44: 46266 | AH44: Medium | AI44: =IF(OR(AD44="",AH44=""),"",WORKDAY(AD44,IF(AH44="Low",30,IF(AH44="Medium",45,IF(AH44="High",60,""))))) -> 46325 | AJ44: 46290 | AK44: =IF(OR(AI44="",AJ44=""),"",SIGN(AJ44-AI44)*(NETWORKDAYS(MIN(AI44,AJ44),MAX(AI44,AJ44))-1)) -> -25
A45: 43 | B45: 46210 | C45: TBA | D45: Vertical Doser bottom plate | E45: New | F45: Eruvaka | G45: New - Critical | H45: Mech | I45: r0 | J45: A | K45: 1 | L45: 46211 | M45: 46233 | N45: 0.9 | O45: Yes | P45: =IF(OR(L45="",M45=""),"",SIGN(M45-L45)*(NETWORKDAYS(MIN(L45,M45),MAX(L45,M45))-1)) -> 16 | Q45: 46233 | R45: 46233 | S45: =IF(OR(Q45="",R45=""),"",SIGN(R45-Q45)*(NETWORKDAYS(MIN(Q45,R45),MAX(Q45,R45))-1)) -> 0 | T45: =IF(AND(N45>=90%,N45<=100%),"Yes","No") -> Yes | U45: 46234 | V45: 46280 | W45: Feedback from the Supplier - Jig/fixtures needed after samples finalisation before production they will make ready | X45: 46237 | Y45: 46238 | Z45: 46244 | AA45: 46241 | AC45: 46241 | AD45: 46262 | AE45: G Industries | AF45: 10 | AG45: 46266 | AH45: Medium | AI45: =IF(OR(AD45="",AH45=""),"",WORKDAY(AD45,IF(AH45="Low",30,IF(AH45="Medium",45,IF(AH45="High",60,""))))) -> 46325 | AJ45: 46290 | AK45: =IF(OR(AI45="",AJ45=""),"",SIGN(AJ45-AI45)*(NETWORKDAYS(MIN(AI45,AJ45),MAX(AI45,AJ45))-1)) -> -25
A46: 44 | B46: 46210 | C46: TBA | D46: Vertical doser Side Support | E46: New | F46: Eruvaka | G46: New - Critical | H46: Mech | I46: r0 | J46: 0 | K46: 2 | L46: 46211 | M46: 46211 | N46: 0.9 | O46: Yes | P46: =IF(OR(L46="",M46=""),"",SIGN(M46-L46)*(NETWORKDAYS(MIN(L46,M46),MAX(L46,M46))-1)) -> 0 | Q46: 46233 | R46: 46218 | S46: =IF(OR(Q46="",R46=""),"",SIGN(R46-Q46)*(NETWORKDAYS(MIN(Q46,R46),MAX(Q46,R46))-1)) -> -11 | T46: =IF(AND(N46>=90%,N46<=100%),"Yes","No") -> Yes | U46: 46234 | V46: 46280 | W46: Feedback from the Supplier - Jig/fixtures needed after samples finalisation before production they will make ready | X46: 46237 | Y46: 46238 | Z46: 46244 | AA46: 46241 | AC46: 46241 | AD46: 46262 | AE46: G Industries | AF46: 10 | AG46: 46266 | AH46: Medium | AI46: =IF(OR(AD46="",AH46=""),"",WORKDAY(AD46,IF(AH46="Low",30,IF(AH46="Medium",45,IF(AH46="High",60,""))))) -> 46325 | AJ46: 46290 | AK46: =IF(OR(AI46="",AJ46=""),"",SIGN(AJ46-AI46)*(NETWORKDAYS(MIN(AI46,AJ46),MAX(AI46,AJ46))-1)) -> -25
A47: 45 | B47: 46210 | C47: ERFS065 | D47: M4x10 CSK phillip head screw | E47: Carryover | F47: Eruvaka | G47: Carryover - Regular | H47: Mech | I47: r1 | K47: =4+2 -> 6 | L47: 46211 | M47: 46211 | N47: 1 | P47: =IF(OR(L47="",M47=""),"",SIGN(M47-L47)*(NETWORKDAYS(MIN(L47,M47),MAX(L47,M47))-1)) -> 0 | S47: =IF(OR(Q47="",R47=""),"",SIGN(R47-Q47)*(NETWORKDAYS(MIN(Q47,R47),MAX(Q47,R47))-1)) | T47: =IF(AND(N47>=90%,N47<=100%),"Yes","No") -> Yes | AF47: 10 | AK47: =IF(OR(AI47="",AJ47=""),"",SIGN(AJ47-AI47)*(NETWORKDAYS(MIN(AI47,AJ47),MAX(AI47,AJ47))-1))
A48: 46 | B48: 46210 | C48: TBA | D48: Vertical Doser assembly | E48: New | F48: Eruvaka | G48: New - Critical | H48: Mech | I48: r1 | J48: 0 | K48: 1 | L48: 46211 | M48: 46211 | N48: 0.95 | O48: Yes | P48: =IF(OR(L48="",M48=""),"",SIGN(M48-L48)*(NETWORKDAYS(MIN(L48,M48),MAX(L48,M48))-1)) -> 0 | S48: =IF(OR(Q48="",R48=""),"",SIGN(R48-Q48)*(NETWORKDAYS(MIN(Q48,R48),MAX(Q48,R48))-1)) | T48: =IF(AND(N48>=90%,N48<=100%),"Yes","No") -> Yes | AF48: 10 | AK48: =IF(OR(AI48="",AJ48=""),"",SIGN(AJ48-AI48)*(NETWORKDAYS(MIN(AI48,AJ48),MAX(AI48,AJ48))-1))
A49: 47 | B49: 46210 | C49: TBA | D49: Doser Motor Assembly | E49: New | F49: Eruvaka | G49: New - Critical | H49: HW | I49: r1 | K49: 1 | L49: 46211 | N49: 0.95 | P49: =IF(OR(L49="",M49=""),"",SIGN(M49-L49)*(NETWORKDAYS(MIN(L49,M49),MAX(L49,M49))-1)) | S49: =IF(OR(Q49="",R49=""),"",SIGN(R49-Q49)*(NETWORKDAYS(MIN(Q49,R49),MAX(Q49,R49))-1)) | T49: =IF(AND(N49>=90%,N49<=100%),"Yes","No") -> Yes | AF49: 10 | AK49: =IF(OR(AI49="",AJ49=""),"",SIGN(AJ49-AI49)*(NETWORKDAYS(MIN(AI49,AJ49),MAX(AI49,AJ49))-1))
A50: 48 | B50: 46210 | C50: TBA | D50: Vertical doser Motor | E50: New | F50: Eruvaka | G50: New - Critical | H50: HW | I50: r0 | J50: 0 | K50: 1 | L50: 46211 | M50: 46211 | N50: 0.8 | O50: Yes | P50: =IF(OR(L50="",M50=""),"",SIGN(M50-L50)*(NETWORKDAYS(MIN(L50,M50),MAX(L50,M50))-1)) -> 0 | Q50: 46233 | R50: 46218 | S50: =IF(OR(Q50="",R50=""),"",SIGN(R50-Q50)*(NETWORKDAYS(MIN(Q50,R50),MAX(Q50,R50))-1)) -> -11 | T50: =IF(AND(N50>=90%,N50<=100%),"Yes","No") -> No | U50: 46234 | V50: 46280 | W50: 24th Aug- Vendor discussion Open Points 1.Shaft to be changed to rust-proof material. 2.XT30 or XT60 connector with open-ended wire (male/female as required) 3.2 yrs warranty As of now information: 6 months 2nd Sep - 2026 For Model: RMCS-1211 – Industrial Grade IG45 Planetary DC Geared Motor, 50W, 10RPM, 12V, 186Kgcm, we have the following three options available: Option Construction 1 Electro-plated DC motor case + Stainless Steel gearbox case + Stainless Steel 304 gearbox shaft 2 Electro-plated DC motor case + Zinc-Nickel alloy plated gearbox case + Stainless Steel 304 gearbox shaft 3 Electro-plated DC motor case + Stainless Steel 304 gearbox shaft The above options differ mainly in the gearbox case material and construction. For complete technical specifications, please refer to the datasheet: https://download.robokits.co.in/downloads/rmcs_1211_datasheet_01.pdf Waiting for samples - 5 numbers | X50: 46237 | Y50: 46238 | Z50: 46244 | AE50: Dazzle Robotics Pvt. Ltd. | AF50: 10 | AG50: 46283 | AH50: High | AI50: =IF(OR(AD50="",AH50=""),"",WORKDAY(AD50,IF(AH50="Low",30,IF(AH50="Medium",45,IF(AH50="High",60,""))))) | AK50: =IF(OR(AI50="",AJ50=""),"",SIGN(AJ50-AI50)*(NETWORKDAYS(MIN(AI50,AJ50),MAX(AI50,AJ50))-1)) | AL50: 1. RMCS 1211 - 5no's RFQ in process. 2. RMCS 2698 5no's PO released
A51: 49 | B51: 46210 | C51: TBA | D51: FF - Doser Motor Wire Cable | E51: New | F51: Eruvaka | G51: New - Critical | H51: HW | I51: r1 | K51: 1 | L51: 46211 | N51: 0 | P51: =IF(OR(L51="",M51=""),"",SIGN(M51-L51)*(NETWORKDAYS(MIN(L51,M51),MAX(L51,M51))-1)) | S51: =IF(OR(Q51="",R51=""),"",SIGN(R51-Q51)*(NETWORKDAYS(MIN(Q51,R51),MAX(Q51,R51))-1)) | T51: =IF(AND(N51>=90%,N51<=100%),"Yes","No") -> No | AF51: 10 | AK51: =IF(OR(AI51="",AJ51=""),"",SIGN(AJ51-AI51)*(NETWORKDAYS(MIN(AI51,AJ51),MAX(AI51,AJ51))-1))
A52: 50 | B52: 46210 | C52: ERFS081 | D52: M4x16 CSK Philips head screw | E52: Carryover | F52: Eruvaka | G52: Carryover - Regular | H52: Mech | I52: r1 | K52: 4 | L52: 46211 | M52: 46211 | N52: 1 | P52: =IF(OR(L52="",M52=""),"",SIGN(M52-L52)*(NETWORKDAYS(MIN(L52,M52),MAX(L52,M52))-1)) -> 0 | S52: =IF(OR(Q52="",R52=""),"",SIGN(R52-Q52)*(NETWORKDAYS(MIN(Q52,R52),MAX(Q52,R52))-1)) | T52: =IF(AND(N52>=90%,N52<=100%),"Yes","No") -> Yes | AF52: 10 | AK52: =IF(OR(AI52="",AJ52=""),"",SIGN(AJ52-AI52)*(NETWORKDAYS(MIN(AI52,AJ52),MAX(AI52,AJ52))-1))
A53: 51 | B53: 46210 | C53: TBA | D53: Doser case | E53: New | F53: Eruvaka | G53: New - Critical | H53: Mech | I53: r0 | J53: 0 | K53: 1 | L53: 46211 | M53: 46211 | N53: 0.9 | O53: Yes | P53: =IF(OR(L53="",M53=""),"",SIGN(M53-L53)*(NETWORKDAYS(MIN(L53,M53),MAX(L53,M53))-1)) -> 0 | Q53: 46233 | R53: 46218 | S53: =IF(OR(Q53="",R53=""),"",SIGN(R53-Q53)*(NETWORKDAYS(MIN(Q53,R53),MAX(Q53,R53))-1)) -> -11 | T53: =IF(AND(N53>=90%,N53<=100%),"Yes","No") -> Yes | U53: 46234 | V53: 46280 | X53: 46237 | Y53: 46238 | Z53: 46196 | AA53: 46251 | AC53: 46251 | AD53: 46262 | AE53: EXOUSIA AUTOMOTIVE PRIVATE LIMITED | AF53: 10 | AG53: 46266 | AH53: Medium | AI53: =IF(OR(AD53="",AH53=""),"",WORKDAY(AD53,IF(AH53="Low",30,IF(AH53="Medium",45,IF(AH53="High",60,""))))) -> 46325 | AK53: =IF(OR(AI53="",AJ53=""),"",SIGN(AJ53-AI53)*(NETWORKDAYS(MIN(AI53,AJ53),MAX(AI53,AJ53))-1)) | AL53: Trails completed, samples ready and dispatch before 05th Oct | AM53: 46286 | AQ53: Visit Plan: 21–23 Sep; Tool Dev. Reports: Ravindra Namburi to provide.
A54: 52 | B54: 46210 | C54: TBA | D54: Doser motor holder | E54: New | F54: Eruvaka | G54: New - Critical | H54: Mech | I54: r0 | J54: 0 | K54: 1 | L54: 46211 | M54: 46211 | N54: 0.9 | O54: Yes | P54: =IF(OR(L54="",M54=""),"",SIGN(M54-L54)*(NETWORKDAYS(MIN(L54,M54),MAX(L54,M54))-1)) -> 0 | Q54: 46233 | R54: 46218 | S54: =IF(OR(Q54="",R54=""),"",SIGN(R54-Q54)*(NETWORKDAYS(MIN(Q54,R54),MAX(Q54,R54))-1)) -> -11 | T54: =IF(AND(N54>=90%,N54<=100%),"Yes","No") -> Yes | U54: 46234 | V54: 46280 | X54: 46237 | Y54: 46238 | Z54: 46196 | AA54: 46251 | AC54: 46251 | AD54: 46262 | AE54: EXOUSIA AUTOMOTIVE PRIVATE LIMITED | AF54: 10 | AG54: 46266 | AH54: Medium | AI54: =IF(OR(AD54="",AH54=""),"",WORKDAY(AD54,IF(AH54="Low",30,IF(AH54="Medium",45,IF(AH54="High",60,""))))) -> 46325 | AK54: =IF(OR(AI54="",AJ54=""),"",SIGN(AJ54-AI54)*(NETWORKDAYS(MIN(AI54,AJ54),MAX(AI54,AJ54))-1)) | AL54: Trails completed, samples ready and dispatch before 05th Oct | AM54: 46286
A55: 53 | B55: 46210 | C55: TBA | D55: Vertical doser wheel assembly | E55: New | F55: Eruvaka | G55: New - Critical | H55: Mech | I55: r0 | J55: 0 | K55: 1 | L55: 46211 | M55: 46211 | N55: 0.9 | O55: Yes | P55: =IF(OR(L55="",M55=""),"",SIGN(M55-L55)*(NETWORKDAYS(MIN(L55,M55),MAX(L55,M55))-1)) -> 0 | Q55: 46233 | R55: 46218 | S55: =IF(OR(Q55="",R55=""),"",SIGN(R55-Q55)*(NETWORKDAYS(MIN(Q55,R55),MAX(Q55,R55))-1)) -> -11 | T55: =IF(AND(N55>=90%,N55<=100%),"Yes","No") -> Yes | U55: 46234 | V55: 46280 | X55: 46237 | Y55: 46238 | Z55: 46196 | AA55: 46251 | AC55: 46251 | AD55: 46262 | AE55: EXOUSIA AUTOMOTIVE PRIVATE LIMITED | AF55: 10 | AG55: 46266 | AH55: Medium | AI55: =IF(OR(AD55="",AH55=""),"",WORKDAY(AD55,IF(AH55="Low",30,IF(AH55="Medium",45,IF(AH55="High",60,""))))) -> 46325 | AK55: =IF(OR(AI55="",AJ55=""),"",SIGN(AJ55-AI55)*(NETWORKDAYS(MIN(AI55,AJ55),MAX(AI55,AJ55))-1)) | AL55: Trails completed, samples ready and dispatch before 05th Oct | AM55: 46286
A56: 54 | B56: 46210 | C56: TBA | D56: Doser wheel insert | E56: New | F56: Eruvaka | G56: New - Critical | H56: Mech | I56: r0 | J56: 0 | K56: 1 | L56: 46211 | M56: 46211 | N56: 0.9 | O56: Yes | P56: =IF(OR(L56="",M56=""),"",SIGN(M56-L56)*(NETWORKDAYS(MIN(L56,M56),MAX(L56,M56))-1)) -> 0 | Q56: 46233 | R56: 46218 | S56: =IF(OR(Q56="",R56=""),"",SIGN(R56-Q56)*(NETWORKDAYS(MIN(Q56,R56),MAX(Q56,R56))-1)) -> -11 | T56: =IF(AND(N56>=90%,N56<=100%),"Yes","No") -> Yes | U56: 46234 | V56: 46280 | X56: 46237 | Y56: 46238 | Z56: 46196 | AA56: 46254 | AC56: 46251 | AD56: 46262 | AE56: EXOUSIA AUTOMOTIVE PRIVATE LIMITED | AF56: 10 | AG56: 46266 | AH56: Medium | AI56: =IF(OR(AD56="",AH56=""),"",WORKDAY(AD56,IF(AH56="Low",30,IF(AH56="Medium",45,IF(AH56="High",60,""))))) -> 46325 | AK56: =IF(OR(AI56="",AJ56=""),"",SIGN(AJ56-AI56)*(NETWORKDAYS(MIN(AI56,AJ56),MAX(AI56,AJ56))-1)) | AL56: Trails completed, samples ready and dispatch before 05th Oct | AM56: 46286
A57: 55 | B57: 46210 | C57: TBA | D57: Doser wheel | E57: New | F57: Eruvaka | G57: New - Critical | H57: Mech | I57: r0 | J57: 0 | K57: 1 | L57: 46211 | M57: 46211 | N57: 0.9 | O57: Yes | P57: =IF(OR(L57="",M57=""),"",SIGN(M57-L57)*(NETWORKDAYS(MIN(L57,M57),MAX(L57,M57))-1)) -> 0 | Q57: 46233 | R57: 46218 | S57: =IF(OR(Q57="",R57=""),"",SIGN(R57-Q57)*(NETWORKDAYS(MIN(Q57,R57),MAX(Q57,R57))-1)) -> -11 | T57: =IF(AND(N57>=90%,N57<=100%),"Yes","No") -> Yes | U57: 46234 | V57: 46280 | X57: 46237 | Y57: 46238 | Z57: 46196 | AA57: 46251 | AC57: 46251 | AD57: 46262 | AE57: EXOUSIA AUTOMOTIVE PRIVATE LIMITED | AF57: 10 | AG57: 46266 | AH57: Medium | AI57: =IF(OR(AD57="",AH57=""),"",WORKDAY(AD57,IF(AH57="Low",30,IF(AH57="Medium",45,IF(AH57="High",60,""))))) -> 46325 | AK57: =IF(OR(AI57="",AJ57=""),"",SIGN(AJ57-AI57)*(NETWORKDAYS(MIN(AI57,AJ57),MAX(AI57,AJ57))-1)) | AL57: Trails completed, samples ready and dispatch before 05th Oct | AM57: 46286
A58: 56 | B58: 46210 | C58: TBA | D58: Doser Wing nut | E58: New | F58: Eruvaka | G58: New - Critical | H58: Mech | I58: r0 | J58: 0 | K58: 6 | L58: 46211 | M58: 46211 | N58: 0.9 | O58: Yes | P58: =IF(OR(L58="",M58=""),"",SIGN(M58-L58)*(NETWORKDAYS(MIN(L58,M58),MAX(L58,M58))-1)) -> 0 | Q58: 46233 | R58: 46218 | S58: =IF(OR(Q58="",R58=""),"",SIGN(R58-Q58)*(NETWORKDAYS(MIN(Q58,R58),MAX(Q58,R58))-1)) -> -11 | T58: =IF(AND(N58>=90%,N58<=100%),"Yes","No") -> Yes | U58: 46234 | V58: 46280 | X58: 46237 | Y58: 46238 | Z58: 46196 | AA58: 46251 | AC58: 46251 | AD58: 46262 | AE58: EXOUSIA AUTOMOTIVE PRIVATE LIMITED | AF58: 10 | AG58: 46266 | AH58: Medium | AI58: =IF(OR(AD58="",AH58=""),"",WORKDAY(AD58,IF(AH58="Low",30,IF(AH58="Medium",45,IF(AH58="High",60,""))))) -> 46325 | AK58: =IF(OR(AI58="",AJ58=""),"",SIGN(AJ58-AI58)*(NETWORKDAYS(MIN(AI58,AJ58),MAX(AI58,AJ58))-1)) | AL58: Trails completed, samples ready and dispatch before 05th Oct | AM58: 46286
A59: 57 | B59: 46210 | C59: TBA | D59: Feed reducer | E59: New | F59: Eruvaka | G59: New - Critical | H59: Mech | I59: r0 | J59: 0 | K59: 1 | L59: 46211 | M59: 46211 | N59: 0.9 | O59: Yes | P59: =IF(OR(L59="",M59=""),"",SIGN(M59-L59)*(NETWORKDAYS(MIN(L59,M59),MAX(L59,M59))-1)) -> 0 | Q59: 46233 | R59: 46218 | S59: =IF(OR(Q59="",R59=""),"",SIGN(R59-Q59)*(NETWORKDAYS(MIN(Q59,R59),MAX(Q59,R59))-1)) -> -11 | T59: =IF(AND(N59>=90%,N59<=100%),"Yes","No") -> Yes | U59: 46234 | V59: 46280 | X59: 46237 | Y59: 46238 | Z59: 46196 | AA59: 46251 | AC59: 46251 | AD59: 46262 | AE59: EXOUSIA AUTOMOTIVE PRIVATE LIMITED | AF59: 10 | AG59: 46266 | AH59: Medium | AI59: =IF(OR(AD59="",AH59=""),"",WORKDAY(AD59,IF(AH59="Low",30,IF(AH59="Medium",45,IF(AH59="High",60,""))))) -> 46325 | AK59: =IF(OR(AI59="",AJ59=""),"",SIGN(AJ59-AI59)*(NETWORKDAYS(MIN(AI59,AJ59),MAX(AI59,AJ59))-1)) | AL59: Trails completed, samples ready and dispatch before 05th Oct | AM59: 46286
A60: 58 | B60: 46210 | C60: TBA | D60: Motor Protector | E60: New | F60: Eruvaka | G60: New - Critical | H60: Mech | I60: r0 | J60: 0 | K60: 1 | L60: 46211 | M60: 46211 | N60: 0.9 | O60: Yes | P60: =IF(OR(L60="",M60=""),"",SIGN(M60-L60)*(NETWORKDAYS(MIN(L60,M60),MAX(L60,M60))-1)) -> 0 | Q60: 46233 | R60: 46218 | S60: =IF(OR(Q60="",R60=""),"",SIGN(R60-Q60)*(NETWORKDAYS(MIN(Q60,R60),MAX(Q60,R60))-1)) -> -11 | T60: =IF(AND(N60>=90%,N60<=100%),"Yes","No") -> Yes | U60: 46234 | V60: 46280 | X60: 46237 | Y60: 46238 | Z60: 46196 | AA60: 46251 | AC60: 46251 | AD60: 46262 | AE60: EXOUSIA AUTOMOTIVE PRIVATE LIMITED | AF60: 10 | AG60: 46266 | AH60: Medium | AI60: =IF(OR(AD60="",AH60=""),"",WORKDAY(AD60,IF(AH60="Low",30,IF(AH60="Medium",45,IF(AH60="High",60,""))))) -> 46325 | AK60: =IF(OR(AI60="",AJ60=""),"",SIGN(AJ60-AI60)*(NETWORKDAYS(MIN(AI60,AJ60),MAX(AI60,AJ60))-1)) | AL60: Trails completed, samples ready and dispatch before 05th Oct | AM60: 46286
A61: 59 | B61: 46210 | C61: TBA | D61: Dosel wheel bearing | E61: New | F61: Eruvaka | G61: New - Critical | H61: Mech | I61: r0 | J61: 0 | K61: 2 | L61: 46211 | M61: 46211 | N61: 0.9 | O61: Yes | P61: =IF(OR(L61="",M61=""),"",SIGN(M61-L61)*(NETWORKDAYS(MIN(L61,M61),MAX(L61,M61))-1)) -> 0 | Q61: 46233 | R61: 46218 | S61: =IF(OR(Q61="",R61=""),"",SIGN(R61-Q61)*(NETWORKDAYS(MIN(Q61,R61),MAX(Q61,R61))-1)) -> -11 | T61: =IF(AND(N61>=90%,N61<=100%),"Yes","No") -> Yes | U61: 46234 | V61: 46280 | W61: What is the warranty period confirmed by the selected supplier? - 24 months from manufacturing or 12 months from the date of installation whichever is the earlier. | X61: 46237 | Y61: 46239 | Z61: 46244 | AA61: 46251 | AC61: 46251 | AD61: 46262 | AE61: Pacific Bearings Pvt Ltd | AF61: 10 | AG61: 46266 | AH61: Low | AI61: =IF(OR(AD61="",AH61=""),"",WORKDAY(AD61,IF(AH61="Low",30,IF(AH61="Medium",45,IF(AH61="High",60,""))))) -> 46304 | AJ61: 46287 | AK61: =IF(OR(AI61="",AJ61=""),"",SIGN(AJ61-AI61)*(NETWORKDAYS(MIN(AI61,AJ61),MAX(AI61,AJ61))-1)) -> -13
A62: 60 | B62: 46210 | C62: TBA | D62: Vertical doser feed stopper | E62: New | F62: Eruvaka | G62: New - Critical | H62: Mech | I62: r0 | J62: 0 | K62: 1 | L62: 46211 | M62: 46211 | N62: 0.9 | O62: Yes | P62: =IF(OR(L62="",M62=""),"",SIGN(M62-L62)*(NETWORKDAYS(MIN(L62,M62),MAX(L62,M62))-1)) -> 0 | Q62: 46233 | R62: 46218 | S62: =IF(OR(Q62="",R62=""),"",SIGN(R62-Q62)*(NETWORKDAYS(MIN(Q62,R62),MAX(Q62,R62))-1)) -> -11 | T62: =IF(AND(N62>=90%,N62<=100%),"Yes","No") -> Yes | U62: 46234 | V62: 46280 | X62: 46237 | Y62: 46238 | AA62: 46241 | AC62: 46241 | AD62: 46262 | AE62: G Industries | AF62: 10 | AG62: 46266 | AH62: Low | AI62: =IF(OR(AD62="",AH62=""),"",WORKDAY(AD62,IF(AH62="Low",30,IF(AH62="Medium",45,IF(AH62="High",60,""))))) -> 46304 | AJ62: 46290 | AK62: =IF(OR(AI62="",AJ62=""),"",SIGN(AJ62-AI62)*(NETWORKDAYS(MIN(AI62,AJ62),MAX(AI62,AJ62))-1)) -> -10
A63: 61 | B63: 46210 | C63: ER481 | D63: Hall sensor PCB | E63: Carryover | F63: Eruvaka | G63: Carryover - Critical | H63: HW | I63: r1 | K63: 1 | L63: 46211 | M63: 46211 | N63: 1 | P63: =IF(OR(L63="",M63=""),"",SIGN(M63-L63)*(NETWORKDAYS(MIN(L63,M63),MAX(L63,M63))-1)) -> 0 | S63: =IF(OR(Q63="",R63=""),"",SIGN(R63-Q63)*(NETWORKDAYS(MIN(Q63,R63),MAX(Q63,R63))-1)) | T63: =IF(AND(N63>=90%,N63<=100%),"Yes","No") -> Yes | AF63: 10 | AK63: =IF(OR(AI63="",AJ63=""),"",SIGN(AJ63-AI63)*(NETWORKDAYS(MIN(AI63,AJ63),MAX(AI63,AJ63))-1))
A64: 62 | B64: 46210 | C64: ERFS025 | D64: M3x6 Pan head phillips screw | E64: Carryover | F64: Eruvaka | G64: Carryover - Regular | H64: Mech | I64: r1 | K64: 2 | L64: 46211 | M64: 46211 | N64: 1 | P64: =IF(OR(L64="",M64=""),"",SIGN(M64-L64)*(NETWORKDAYS(MIN(L64,M64),MAX(L64,M64))-1)) -> 0 | S64: =IF(OR(Q64="",R64=""),"",SIGN(R64-Q64)*(NETWORKDAYS(MIN(Q64,R64),MAX(Q64,R64))-1)) | T64: =IF(AND(N64>=90%,N64<=100%),"Yes","No") -> Yes | AF64: 10 | AK64: =IF(OR(AI64="",AJ64=""),"",SIGN(AJ64-AI64)*(NETWORKDAYS(MIN(AI64,AJ64),MAX(AI64,AJ64))-1))
A65: 63 | B65: 46210 | C65: ER480 | D65: Magnets | E65: Carryover | F65: Eruvaka | G65: Carryover - Regular | H65: Mech | I65: r1 | K65: 4 | L65: 46211 | M65: 46211 | N65: 1 | P65: =IF(OR(L65="",M65=""),"",SIGN(M65-L65)*(NETWORKDAYS(MIN(L65,M65),MAX(L65,M65))-1)) -> 0 | S65: =IF(OR(Q65="",R65=""),"",SIGN(R65-Q65)*(NETWORKDAYS(MIN(Q65,R65),MAX(Q65,R65))-1)) | T65: =IF(AND(N65>=90%,N65<=100%),"Yes","No") -> Yes | AF65: 10 | AK65: =IF(OR(AI65="",AJ65=""),"",SIGN(AJ65-AI65)*(NETWORKDAYS(MIN(AI65,AJ65),MAX(AI65,AJ65))-1))
A66: 64 | B66: 46210 | C66: TBA | D66: Feed Dispenser | E66: New | F66: Eruvaka | G66: New - Critical | H66: Mech | I66: r0 | J66: B | K66: 1 | L66: 46211 | M66: 46233 | N66: 0.9 | O66: Yes | P66: =IF(OR(L66="",M66=""),"",SIGN(M66-L66)*(NETWORKDAYS(MIN(L66,M66),MAX(L66,M66))-1)) -> 16 | Q66: 46233 | R66: 46233 | S66: =IF(OR(Q66="",R66=""),"",SIGN(R66-Q66)*(NETWORKDAYS(MIN(Q66,R66),MAX(Q66,R66))-1)) -> 0 | T66: =IF(AND(N66>=90%,N66<=100%),"Yes","No") -> Yes | U66: 46234 | V66: 46280 | W66: 6th Aug: Query from SCM: Feed dispenser – pipe details & source details of the product developed. 7th Aug: We will confirm the results of the thickness variation and power consumption tests on Monday. 12th Aug: Today rework will complete and Tomorrow test will be finished. 13th Aug: 14th Aug 2026 - will get details from design team 18th-Aug-2026: Received updated drawing and pipe details. MOQ: 40 tubes/pipes - 1800-2000 no's - supplier under working Note: If the XT30/XT60 -> The IP may fail. Pavan, could you please look into it once? | X66: 46283 | Y66: 46284 | Z66: 46284 | AF66: 10 | AH66: High | AI66: =IF(OR(AD66="",AH66=""),"",WORKDAY(AD66,IF(AH66="Low",30,IF(AH66="Medium",45,IF(AH66="High",60,""))))) | AK66: =IF(OR(AI66="",AJ66=""),"",SIGN(AJ66-AI66)*(NETWORKDAYS(MIN(AI66,AJ66),MAX(AI66,AJ66))-1)) | AL66: Waiting for quotation, based on new design received on 19th Sep
A67: 65 | B67: 46210 | C67: TBA | D67: Dispenser Motor holder | E67: New | F67: Eruvaka | G67: New - Critical | H67: Mech | I67: r0 | J67: 0 | K67: 1 | L67: 46211 | M67: 46211 | N67: 0.9 | O67: Yes | P67: =IF(OR(L67="",M67=""),"",SIGN(M67-L67)*(NETWORKDAYS(MIN(L67,M67),MAX(L67,M67))-1)) -> 0 | Q67: 46233 | R67: 46218 | S67: =IF(OR(Q67="",R67=""),"",SIGN(R67-Q67)*(NETWORKDAYS(MIN(Q67,R67),MAX(Q67,R67))-1)) -> -11 | T67: =IF(AND(N67>=90%,N67<=100%),"Yes","No") -> Yes | U67: 46234 | V67: 46280 | X67: 46237 | Y67: 46238 | Z67: 46244 | AA67: 46241 | AC67: 46241 | AD67: 46262 | AE67: G Industries | AF67: 10 | AG67: 46266 | AH67: Low | AI67: =IF(OR(AD67="",AH67=""),"",WORKDAY(AD67,IF(AH67="Low",30,IF(AH67="Medium",45,IF(AH67="High",60,""))))) -> 46304 | AJ67: 46290 | AK67: =IF(OR(AI67="",AJ67=""),"",SIGN(AJ67-AI67)*(NETWORKDAYS(MIN(AI67,AJ67),MAX(AI67,AJ67))-1)) -> -10
A68: 66 | B68: 46210 | C68: TBA | D68: M5 Flange nut | E68: New | F68: Eruvaka | G68: New - Critical | H68: Mech | I68: r1 | K68: 1 | L68: 46211 | N68: 0.95 | P68: =IF(OR(L68="",M68=""),"",SIGN(M68-L68)*(NETWORKDAYS(MIN(L68,M68),MAX(L68,M68))-1)) | S68: =IF(OR(Q68="",R68=""),"",SIGN(R68-Q68)*(NETWORKDAYS(MIN(Q68,R68),MAX(Q68,R68))-1)) | T68: =IF(AND(N68>=90%,N68<=100%),"Yes","No") -> Yes | AF68: 10 | AK68: =IF(OR(AI68="",AJ68=""),"",SIGN(AJ68-AI68)*(NETWORKDAYS(MIN(AI68,AJ68),MAX(AI68,AJ68))-1))
A69: 67 | B69: 46210 | C69: TBA | D69: 12V Dispenser motor wire assembly | E69: New | F69: Eruvaka | G69: New - Critical | H69: HW | I69: r1 | K69: 1 | L69: 46211 | N69: 0.95 | P69: =IF(OR(L69="",M69=""),"",SIGN(M69-L69)*(NETWORKDAYS(MIN(L69,M69),MAX(L69,M69))-1)) | S69: =IF(OR(Q69="",R69=""),"",SIGN(R69-Q69)*(NETWORKDAYS(MIN(Q69,R69),MAX(Q69,R69))-1)) | T69: =IF(AND(N69>=90%,N69<=100%),"Yes","No") -> Yes | AF69: 10 | AK69: =IF(OR(AI69="",AJ69=""),"",SIGN(AJ69-AI69)*(NETWORKDAYS(MIN(AI69,AJ69),MAX(AI69,AJ69))-1))
A70: 68 | B70: 46210 | C70: TBA | D70: FF - Dispenser motor cable | E70: New | F70: Eruvaka | G70: New - Critical | H70: HW | I70: r1 | K70: 1 | L70: 46211 | N70: 0 | P70: =IF(OR(L70="",M70=""),"",SIGN(M70-L70)*(NETWORKDAYS(MIN(L70,M70),MAX(L70,M70))-1)) | S70: =IF(OR(Q70="",R70=""),"",SIGN(R70-Q70)*(NETWORKDAYS(MIN(Q70,R70),MAX(Q70,R70))-1)) | T70: =IF(AND(N70>=90%,N70<=100%),"Yes","No") -> No | AF70: 10 | AK70: =IF(OR(AI70="",AJ70=""),"",SIGN(AJ70-AI70)*(NETWORKDAYS(MIN(AI70,AJ70),MAX(AI70,AJ70))-1))
A71: 70 | B71: 46210 | C71: TBA | D71: 12V Dispenser motor assembly | E71: New | F71: Eruvaka | G71: New - Critical | H71: HW | I71: r1 | K71: 1 | L71: 46211 | N71: 0 | P71: =IF(OR(L71="",M71=""),"",SIGN(M71-L71)*(NETWORKDAYS(MIN(L71,M71),MAX(L71,M71))-1)) | S71: =IF(OR(Q71="",R71=""),"",SIGN(R71-Q71)*(NETWORKDAYS(MIN(Q71,R71),MAX(Q71,R71))-1)) | T71: =IF(AND(N71>=90%,N71<=100%),"Yes","No") -> No | AF71: 10 | AK71: =IF(OR(AI71="",AJ71=""),"",SIGN(AJ71-AI71)*(NETWORKDAYS(MIN(AI71,AJ71),MAX(AI71,AJ71))-1))
A72: 69 | B72: 46210 | C72: TBA | D72: 12V Dispenser motor | E72: New | F72: Eruvaka | G72: New - Critical | H72: HW | I72: r0 | J72: A | K72: 1 | L72: 46211 | M72: 46239 | N72: 0.9 | O72: Yes | P72: =IF(OR(L72="",M72=""),"",SIGN(M72-L72)*(NETWORKDAYS(MIN(L72,M72),MAX(L72,M72))-1)) -> 20 | Q72: 46233 | R72: 46240 | S72: =IF(OR(Q72="",R72=""),"",SIGN(R72-Q72)*(NETWORKDAYS(MIN(Q72,R72),MAX(Q72,R72))-1)) -> 5 | T72: =IF(AND(N72>=90%,N72<=100%),"Yes","No") -> Yes | U72: 46234 | V72: 46280 | W72: HW Comments (30th July 2026): Motor procurement can start. Any cable modification can be carried out by a harness vendor. Timeline: Drawing will be ready by 4th Aug. Motor and cable. Along with an assembly drawing. Get the warrenty details | X72: 46237 | Y72: 46247 | Z72: 46244 | AA72: 46267 | AC72: 46276 | AD72: 46276 | AE72: Davies Craig | AF72: 10 | AG72: NA | AH72: High | AI72: =IF(OR(AD72="",AH72=""),"",WORKDAY(AD72,IF(AH72="Low",30,IF(AH72="Medium",45,IF(AH72="High",60,""))))) -> 46360 | AJ72: 46283 | AK72: =IF(OR(AI72="",AJ72=""),"",SIGN(AJ72-AI72)*(NETWORKDAYS(MIN(AI72,AJ72),MAX(AI72,AJ72))-1)) -> -55 | AL72: 1. Specification change may require new PN, setup, MOQ, and price revision. 2. Wire colours differ from their standard; Blue + Red combination can be provided for samples. 3. New shaft material has longer lead time, so sample timeline is not yet confirmed. 4. Current PN 10213 pricing is based on bulk availability. 5. Vendor needs MOQ and ordering schedule to proceed. 6. Stock available? - 20 No's NO BUY
A73: 71 | B73: 46210 | C73: TBA | D73: Lugs for Dispenser cable to PM Pcb fixing end | E73: New | F73: Eruvaka | G73: New - Critical | H73: HW | I73: r1 | K73: 2 | L73: 46211 | N73: 0 | P73: =IF(OR(L73="",M73=""),"",SIGN(M73-L73)*(NETWORKDAYS(MIN(L73,M73),MAX(L73,M73))-1)) | S73: =IF(OR(Q73="",R73=""),"",SIGN(R73-Q73)*(NETWORKDAYS(MIN(Q73,R73),MAX(Q73,R73))-1)) | T73: =IF(AND(N73>=90%,N73<=100%),"Yes","No") -> No | AF73: 10 | AK73: =IF(OR(AI73="",AJ73=""),"",SIGN(AJ73-AI73)*(NETWORKDAYS(MIN(AI73,AJ73),MAX(AI73,AJ73))-1))
A74: 72 | B74: 46210 | C74: ERFS034 | D74: M6 Lock nut | E74: Carryover | F74: Eruvaka | G74: Carryover - Regular | H74: Mech | I74: r1 | K74: 6 | L74: 46211 | M74: 46211 | N74: 1 | P74: =IF(OR(L74="",M74=""),"",SIGN(M74-L74)*(NETWORKDAYS(MIN(L74,M74),MAX(L74,M74))-1)) -> 0 | S74: =IF(OR(Q74="",R74=""),"",SIGN(R74-Q74)*(NETWORKDAYS(MIN(Q74,R74),MAX(Q74,R74))-1)) | T74: =IF(AND(N74>=90%,N74<=100%),"Yes","No") -> Yes | AF74: 10 | AK74: =IF(OR(AI74="",AJ74=""),"",SIGN(AJ74-AI74)*(NETWORKDAYS(MIN(AI74,AJ74),MAX(AI74,AJ74))-1))
A75: 73 | B75: 46210 | C75: TBA | D75: FF - Controller box Assembly | E75: New | F75: Eruvaka | G75: New - Critical | H75: Mech | I75: r1 | K75: 1 | L75: 46211 | N75: 0.95 | P75: =IF(OR(L75="",M75=""),"",SIGN(M75-L75)*(NETWORKDAYS(MIN(L75,M75),MAX(L75,M75))-1)) | S75: =IF(OR(Q75="",R75=""),"",SIGN(R75-Q75)*(NETWORKDAYS(MIN(Q75,R75),MAX(Q75,R75))-1)) | T75: =IF(AND(N75>=90%,N75<=100%),"Yes","No") -> Yes | AF75: 10 | AK75: =IF(OR(AI75="",AJ75=""),"",SIGN(AJ75-AI75)*(NETWORKDAYS(MIN(AI75,AJ75),MAX(AI75,AJ75))-1))
A76: 74 | B76: 46210 | C76: ERFS029 | D76: M4x10 Pan head phillips screw | E76: Carryover | F76: Eruvaka | G76: Carryover - Regular | H76: Mech | I76: r1 | K76: 4 | L76: 46211 | M76: 46211 | N76: 1 | P76: =IF(OR(L76="",M76=""),"",SIGN(M76-L76)*(NETWORKDAYS(MIN(L76,M76),MAX(L76,M76))-1)) -> 0 | S76: =IF(OR(Q76="",R76=""),"",SIGN(R76-Q76)*(NETWORKDAYS(MIN(Q76,R76),MAX(Q76,R76))-1)) | T76: =IF(AND(N76>=90%,N76<=100%),"Yes","No") -> Yes | AF76: 10 | AK76: =IF(OR(AI76="",AJ76=""),"",SIGN(AJ76-AI76)*(NETWORKDAYS(MIN(AI76,AJ76),MAX(AI76,AJ76))-1))
A77: 75 | B77: 46210 | C77: ER365 | D77: Controller box | E77: Carryover | F77: Eruvaka | G77: Carryover - Regular | H77: Mech | I77: r1 | K77: 1 | L77: 46211 | M77: 46211 | N77: 1 | P77: =IF(OR(L77="",M77=""),"",SIGN(M77-L77)*(NETWORKDAYS(MIN(L77,M77),MAX(L77,M77))-1)) -> 0 | S77: =IF(OR(Q77="",R77=""),"",SIGN(R77-Q77)*(NETWORKDAYS(MIN(Q77,R77),MAX(Q77,R77))-1)) | T77: =IF(AND(N77>=90%,N77<=100%),"Yes","No") -> Yes | AF77: 10 | AK77: =IF(OR(AI77="",AJ77=""),"",SIGN(AJ77-AI77)*(NETWORKDAYS(MIN(AI77,AJ77),MAX(AI77,AJ77))-1))
A78: 76 | B78: 46210 | C78: ER3651 | D78: Controller box Lid | E78: Carryover | F78: Eruvaka | G78: Carryover - Regular | H78: Mech | I78: r1 | K78: 1 | L78: 46211 | M78: 46211 | N78: 1 | P78: =IF(OR(L78="",M78=""),"",SIGN(M78-L78)*(NETWORKDAYS(MIN(L78,M78),MAX(L78,M78))-1)) -> 0 | S78: =IF(OR(Q78="",R78=""),"",SIGN(R78-Q78)*(NETWORKDAYS(MIN(Q78,R78),MAX(Q78,R78))-1)) | T78: =IF(AND(N78>=90%,N78<=100%),"Yes","No") -> Yes | AF78: 10 | AK78: =IF(OR(AI78="",AJ78=""),"",SIGN(AJ78-AI78)*(NETWORKDAYS(MIN(AI78,AJ78),MAX(AI78,AJ78))-1))
A79: 77 | B79: 46210 | C79: ER3652 | D79: Controller box Bottom | E79: Carryover | F79: Eruvaka | G79: Carryover - Regular | H79: Mech | I79: r1 | K79: 1 | L79: 46211 | M79: 46211 | N79: 1 | P79: =IF(OR(L79="",M79=""),"",SIGN(M79-L79)*(NETWORKDAYS(MIN(L79,M79),MAX(L79,M79))-1)) -> 0 | S79: =IF(OR(Q79="",R79=""),"",SIGN(R79-Q79)*(NETWORKDAYS(MIN(Q79,R79),MAX(Q79,R79))-1)) | T79: =IF(AND(N79>=90%,N79<=100%),"Yes","No") -> Yes | AF79: 10 | AK79: =IF(OR(AI79="",AJ79=""),"",SIGN(AJ79-AI79)*(NETWORKDAYS(MIN(AI79,AJ79),MAX(AI79,AJ79))-1))
A80: 78 | B80: 46210 | C80: ER051 | D80: Standard Membrane keypad sticker - PM125 | E80: Carryover | F80: Eruvaka | G80: Carryover - Regular | H80: HW | I80: r1 | K80: 1 | L80: 46211 | M80: 46211 | N80: 1 | P80: =IF(OR(L80="",M80=""),"",SIGN(M80-L80)*(NETWORKDAYS(MIN(L80,M80),MAX(L80,M80))-1)) -> 0 | S80: =IF(OR(Q80="",R80=""),"",SIGN(R80-Q80)*(NETWORKDAYS(MIN(Q80,R80),MAX(Q80,R80))-1)) | T80: =IF(AND(N80>=90%,N80<=100%),"Yes","No") -> Yes | AF80: 10 | AK80: =IF(OR(AI80="",AJ80=""),"",SIGN(AJ80-AI80)*(NETWORKDAYS(MIN(AI80,AJ80),MAX(AI80,AJ80))-1))
A81: 79 | B81: 46210 | C81: ER034 | D81: Push button switch-Power ON/OFF | E81: Carryover | F81: Eruvaka | G81: Carryover - Regular | H81: HW | I81: r1 | K81: 1 | L81: 46211 | M81: 46211 | N81: 1 | P81: =IF(OR(L81="",M81=""),"",SIGN(M81-L81)*(NETWORKDAYS(MIN(L81,M81),MAX(L81,M81))-1)) -> 0 | S81: =IF(OR(Q81="",R81=""),"",SIGN(R81-Q81)*(NETWORKDAYS(MIN(Q81,R81),MAX(Q81,R81))-1)) | T81: =IF(AND(N81>=90%,N81<=100%),"Yes","No") -> Yes | AF81: 10 | AK81: =IF(OR(AI81="",AJ81=""),"",SIGN(AJ81-AI81)*(NETWORKDAYS(MIN(AI81,AJ81),MAX(AI81,AJ81))-1))
A82: 80 | B82: 46210 | C82: ER072 | D82: 2.5mm Dia Heat Shrinkable Sleeve | E82: Carryover | F82: Eruvaka | G82: Carryover - Regular | H82: HW | I82: r1 | K82: 1 | L82: 46211 | M82: 46211 | N82: 1 | P82: =IF(OR(L82="",M82=""),"",SIGN(M82-L82)*(NETWORKDAYS(MIN(L82,M82),MAX(L82,M82))-1)) -> 0 | S82: =IF(OR(Q82="",R82=""),"",SIGN(R82-Q82)*(NETWORKDAYS(MIN(Q82,R82),MAX(Q82,R82))-1)) | T82: =IF(AND(N82>=90%,N82<=100%),"Yes","No") -> Yes | AF82: 10 | AK82: =IF(OR(AI82="",AJ82=""),"",SIGN(AJ82-AI82)*(NETWORKDAYS(MIN(AI82,AJ82),MAX(AI82,AJ82))-1))
A83: 81 | B83: 46210 | C83: ER070 | D83: 2.5mm x 15cm JST cable connector (RB) | E83: Carryover | F83: Eruvaka | G83: Carryover - Regular | H83: HW | I83: r1 | K83: 1 | L83: 46211 | M83: 46211 | N83: 1 | P83: =IF(OR(L83="",M83=""),"",SIGN(M83-L83)*(NETWORKDAYS(MIN(L83,M83),MAX(L83,M83))-1)) -> 0 | S83: =IF(OR(Q83="",R83=""),"",SIGN(R83-Q83)*(NETWORKDAYS(MIN(Q83,R83),MAX(Q83,R83))-1)) | T83: =IF(AND(N83>=90%,N83<=100%),"Yes","No") -> Yes | AF83: 10 | AK83: =IF(OR(AI83="",AJ83=""),"",SIGN(AJ83-AI83)*(NETWORKDAYS(MIN(AI83,AJ83),MAX(AI83,AJ83))-1))
A84: 82 | B84: 46210 | C84: ET0005 | D84: DPC-16 Silicon cover | E84: Carryover | F84: Eruvaka | G84: Carryover - Regular | H84: Mech | I84: r1 | K84: 1 | L84: 46211 | M84: 46211 | N84: 1 | P84: =IF(OR(L84="",M84=""),"",SIGN(M84-L84)*(NETWORKDAYS(MIN(L84,M84),MAX(L84,M84))-1)) -> 0 | S84: =IF(OR(Q84="",R84=""),"",SIGN(R84-Q84)*(NETWORKDAYS(MIN(Q84,R84),MAX(Q84,R84))-1)) | T84: =IF(AND(N84>=90%,N84<=100%),"Yes","No") -> Yes | AF84: 10 | AK84: =IF(OR(AI84="",AJ84=""),"",SIGN(AJ84-AI84)*(NETWORKDAYS(MIN(AI84,AJ84),MAX(AI84,AJ84))-1))
A85: 83 | B85: 46210 | C85: ER140 | D85: PCB mounting plate | E85: Carryover | F85: Eruvaka | G85: Carryover - Regular | H85: Mech | I85: r1 | K85: 1 | L85: 46211 | M85: 46211 | N85: 1 | P85: =IF(OR(L85="",M85=""),"",SIGN(M85-L85)*(NETWORKDAYS(MIN(L85,M85),MAX(L85,M85))-1)) -> 0 | S85: =IF(OR(Q85="",R85=""),"",SIGN(R85-Q85)*(NETWORKDAYS(MIN(Q85,R85),MAX(Q85,R85))-1)) | T85: =IF(AND(N85>=90%,N85<=100%),"Yes","No") -> Yes | AF85: 10 | AK85: =IF(OR(AI85="",AJ85=""),"",SIGN(AJ85-AI85)*(NETWORKDAYS(MIN(AI85,AJ85),MAX(AI85,AJ85))-1))
A86: 84 | B86: 46210 | C86: ERC068 | D86: Anabond 555 | E86: Carryover | F86: Eruvaka | G86: Carryover - Regular | H86: Mech | I86: r1 | K86: 0.025 | L86: 46211 | M86: 46211 | N86: 1 | P86: =IF(OR(L86="",M86=""),"",SIGN(M86-L86)*(NETWORKDAYS(MIN(L86,M86),MAX(L86,M86))-1)) -> 0 | S86: =IF(OR(Q86="",R86=""),"",SIGN(R86-Q86)*(NETWORKDAYS(MIN(Q86,R86),MAX(Q86,R86))-1)) | T86: =IF(AND(N86>=90%,N86<=100%),"Yes","No") -> Yes | AF86: 10 | AK86: =IF(OR(AI86="",AJ86=""),"",SIGN(AJ86-AI86)*(NETWORKDAYS(MIN(AI86,AJ86),MAX(AI86,AJ86))-1))
A87: 85 | B87: 46210 | C87: ER500 | D87: PM Controller PCBA V20 | E87: Carryover | F87: Eruvaka | G87: Carryover - Critical | H87: HW | I87: r1 | K87: 1 | L87: 46211 | M87: 46211 | N87: 1 | P87: =IF(OR(L87="",M87=""),"",SIGN(M87-L87)*(NETWORKDAYS(MIN(L87,M87),MAX(L87,M87))-1)) -> 0 | S87: =IF(OR(Q87="",R87=""),"",SIGN(R87-Q87)*(NETWORKDAYS(MIN(Q87,R87),MAX(Q87,R87))-1)) | T87: =IF(AND(N87>=90%,N87<=100%),"Yes","No") -> Yes | AF87: 10 | AK87: =IF(OR(AI87="",AJ87=""),"",SIGN(AJ87-AI87)*(NETWORKDAYS(MIN(AI87,AJ87),MAX(AI87,AJ87))-1))
... A95: 93 | B95: 46210 | C95: ER583 | D95: Cable from IP68 Charge Controller to Battery (Part-2) | E95: Carryover | F95: Eruvaka | G95: Carryover - Regular | H95: HW | I95: r1 | K95: 1 | L95: 46211 | M95: 46211 | N95: 1 | P95: =IF(OR(L95="",M95=""),"",SIGN(M95-L95)*(NETWORKDAYS(MIN(L95,M95),MAX(L95,M95))-1)) -> 0 | S95: =IF(OR(Q95="",R95=""),"",SIGN(R95-Q95)*(NETWORKDAYS(MIN(Q95,R95),MAX(Q95,R95))-1)) | T95: =IF(AND(N95>=90%,N95<=100%),"Yes","No") -> Yes | AF95: 10 | AK95: =IF(OR(AI95="",AJ95=""),"",SIGN(AJ95-AI95)*(NETWORKDAYS(MIN(AI95,AJ95),MAX(AI95,AJ95))-1))
A96: 94 | B96: 46210 | C96: TBA | D96: Relay PCB | E96: New | F96: Eruvaka | G96: New - Critical | H96: HW | I96: r1 | K96: 1 | L96: 46211 | N96: 0 | P96: =IF(OR(L96="",M96=""),"",SIGN(M96-L96)*(NETWORKDAYS(MIN(L96,M96),MAX(L96,M96))-1)) | S96: =IF(OR(Q96="",R96=""),"",SIGN(R96-Q96)*(NETWORKDAYS(MIN(Q96,R96),MAX(Q96,R96))-1)) | T96: =IF(AND(N96>=90%,N96<=100%),"Yes","No") -> No | AF96: 10 | AK96: =IF(OR(AI96="",AJ96=""),"",SIGN(AJ96-AI96)*(NETWORKDAYS(MIN(AI96,AJ96),MAX(AI96,AJ96))-1))
A97: 95 | B97: 46210 | C97: TBA | D97: Relay PCB and CC fixing Back plate | E97: New | F97: Eruvaka | G97: New - Critical | H97: Mech | I97: r1 | K97: 1 | L97: 46211 | N97: 0.75 | P97: =IF(OR(L97="",M97=""),"",SIGN(M97-L97)*(NETWORKDAYS(MIN(L97,M97),MAX(L97,M97))-1)) | S97: =IF(OR(Q97="",R97=""),"",SIGN(R97-Q97)*(NETWORKDAYS(MIN(Q97,R97),MAX(Q97,R97))-1)) | T97: =IF(AND(N97>=90%,N97<=100%),"Yes","No") -> No | AF97: 10 | AK97: =IF(OR(AI97="",AJ97=""),"",SIGN(AJ97-AI97)*(NETWORKDAYS(MIN(AI97,AJ97),MAX(AI97,AJ97))-1))
A98: 96 | B98: 46210 | C98: TBA | D98: Cable from PCB doser connector to relay PCB | E98: New | F98: Eruvaka | G98: New - Critical | H98: HW | I98: r1 | K98: 1 | L98: 46211 | N98: 0 | P98: =IF(OR(L98="",M98=""),"",SIGN(M98-L98)*(NETWORKDAYS(MIN(L98,M98),MAX(L98,M98))-1)) | S98: =IF(OR(Q98="",R98=""),"",SIGN(R98-Q98)*(NETWORKDAYS(MIN(Q98,R98),MAX(Q98,R98))-1)) | T98: =IF(AND(N98>=90%,N98<=100%),"Yes","No") -> No | AF98: 10 | AK98: =IF(OR(AI98="",AJ98=""),"",SIGN(AJ98-AI98)*(NETWORKDAYS(MIN(AI98,AJ98),MAX(AI98,AJ98))-1))
A99: 97 | B99: 46210 | C99: TBA | D99: Inter connect cable from Relay PCB to PM PCB | E99: New | F99: Eruvaka | G99: New - Critical | H99: HW | I99: r1 | K99: 1 | L99: 46211 | N99: 0 | P99: =IF(OR(L99="",M99=""),"",SIGN(M99-L99)*(NETWORKDAYS(MIN(L99,M99),MAX(L99,M99))-1)) | S99: =IF(OR(Q99="",R99=""),"",SIGN(R99-Q99)*(NETWORKDAYS(MIN(Q99,R99),MAX(Q99,R99))-1)) | T99: =IF(AND(N99>=90%,N99<=100%),"Yes","No") -> No | AF99: 10 | AK99: =IF(OR(AI99="",AJ99=""),"",SIGN(AJ99-AI99)*(NETWORKDAYS(MIN(AI99,AJ99),MAX(AI99,AJ99))-1))
A100: 98 | B100: 46210 | C100: ERC025 | D100: Nylon cable Tags (100x2.2) - 5 No's for each controller | E100: Carryover | F100: Eruvaka | G100: Carryover - Regular | H100: Mech | I100: r1 | K100: 5 | L100: 46211 | M100: 46211 | N100: 1 | P100: =IF(OR(L100="",M100=""),"",SIGN(M100-L100)*(NETWORKDAYS(MIN(L100,M100),MAX(L100,M100))-1)) -> 0 | S100: =IF(OR(Q100="",R100=""),"",SIGN(R100-Q100)*(NETWORKDAYS(MIN(Q100,R100),MAX(Q100,R100))-1)) | T100: =IF(AND(N100>=90%,N100<=100%),"Yes","No") -> Yes | AF100: 10 | AK100: =IF(OR(AI100="",AJ100=""),"",SIGN(AJ100-AI100)*(NETWORKDAYS(MIN(AI100,AJ100),MAX(AI100,AJ100))-1))
A101: 99 | B101: 46210 | C101: ERPA023 | D101: Foam Sheets-Controller Box 650*665*10 | E101: Carryover | F101: Eruvaka | G101: Carryover - Regular | H101: Mech | I101: r1 | K101: 0.25 | L101: 46211 | M101: 46211 | N101: 1 | P101: =IF(OR(L101="",M101=""),"",SIGN(M101-L101)*(NETWORKDAYS(MIN(L101,M101),MAX(L101,M101))-1)) -> 0 | S101: =IF(OR(Q101="",R101=""),"",SIGN(R101-Q101)*(NETWORKDAYS(MIN(Q101,R101),MAX(Q101,R101))-1)) | T101: =IF(AND(N101>=90%,N101<=100%),"Yes","No") -> Yes | AF101: 10 | AK101: =IF(OR(AI101="",AJ101=""),"",SIGN(AJ101-AI101)*(NETWORKDAYS(MIN(AI101,AJ101),MAX(AI101,AJ101))-1))
A102: 100 | B102: 46210 | C102: ERPA012 | D102: Cartoon box controller box-660*650*410-7ply | E102: Carryover | F102: Eruvaka | G102: Carryover - Regular | H102: Mech | I102: r1 | K102: 0.125 | L102: 46211 | M102: 46211 | N102: 1 | P102: =IF(OR(L102="",M102=""),"",SIGN(M102-L102)*(NETWORKDAYS(MIN(L102,M102),MAX(L102,M102))-1)) -> 0 | S102: =IF(OR(Q102="",R102=""),"",SIGN(R102-Q102)*(NETWORKDAYS(MIN(Q102,R102),MAX(Q102,R102))-1)) | T102: =IF(AND(N102>=90%,N102<=100%),"Yes","No") -> Yes | AF102: 10 | AK102: =IF(OR(AI102="",AJ102=""),"",SIGN(AJ102-AI102)*(NETWORKDAYS(MIN(AI102,AJ102),MAX(AI102,AJ102))-1))
A103: 101 | B103: 46210 | C103: ER825 | D103: SQ125 Control Box Structure | E103: Carryover | F103: Eruvaka | G103: Carryover - Regular | H103: Mech | I103: r1 | K103: 1 | L103: 46211 | M103: 46211 | N103: 1 | P103: =IF(OR(L103="",M103=""),"",SIGN(M103-L103)*(NETWORKDAYS(MIN(L103,M103),MAX(L103,M103))-1)) -> 0 | S103: =IF(OR(Q103="",R103=""),"",SIGN(R103-Q103)*(NETWORKDAYS(MIN(Q103,R103),MAX(Q103,R103))-1)) | T103: =IF(AND(N103>=90%,N103<=100%),"Yes","No") -> Yes | AF103: 10 | AK103: =IF(OR(AI103="",AJ103=""),"",SIGN(AJ103-AI103)*(NETWORKDAYS(MIN(AI103,AJ103),MAX(AI103,AJ103))-1))
A104: 102 | B104: 46210 | C104: ER087 | D104: Battery 12V 42amp | E104: Carryover | F104: Eruvaka | G104: Carryover - Regular | H104: HW | I104: r1 | K104: 1 | L104: 46211 | M104: 46211 | N104: 1 | P104: =IF(OR(L104="",M104=""),"",SIGN(M104-L104)*(NETWORKDAYS(MIN(L104,M104),MAX(L104,M104))-1)) -> 0 | S104: =IF(OR(Q104="",R104=""),"",SIGN(R104-Q104)*(NETWORKDAYS(MIN(Q104,R104),MAX(Q104,R104))-1)) | T104: =IF(AND(N104>=90%,N104<=100%),"Yes","No") -> Yes | AF104: 10 | AK104: =IF(OR(AI104="",AJ104=""),"",SIGN(AJ104-AI104)*(NETWORKDAYS(MIN(AI104,AJ104),MAX(AI104,AJ104))-1))
A105: 103 | B105: 46210 | C105: ER795 | D105: Battery Cover | E105: Carryover | F105: Eruvaka | G105: Carryover - Regular | H105: Mech | I105: r1 | K105: 1 | L105: 46211 | M105: 46211 | N105: 1 | P105: =IF(OR(L105="",M105=""),"",SIGN(M105-L105)*(NETWORKDAYS(MIN(L105,M105),MAX(L105,M105))-1)) -> 0 | S105: =IF(OR(Q105="",R105=""),"",SIGN(R105-Q105)*(NETWORKDAYS(MIN(Q105,R105),MAX(Q105,R105))-1)) | T105: =IF(AND(N105>=90%,N105<=100%),"Yes","No") -> Yes | AF105: 10 | AK105: =IF(OR(AI105="",AJ105=""),"",SIGN(AJ105-AI105)*(NETWORKDAYS(MIN(AI105,AJ105),MAX(AI105,AJ105))-1))
A106: 104 | B106: 46210 | C106: ER787 | D106: SQ125 Battery Lock Bracket | E106: Carryover | F106: Eruvaka | G106: Carryover - Regular | H106: Mech | I106: r1 | K106: 1 | L106: 46211 | M106: 46211 | N106: 1 | P106: =IF(OR(L106="",M106=""),"",SIGN(M106-L106)*(NETWORKDAYS(MIN(L106,M106),MAX(L106,M106))-1)) -> 0 | S106: =IF(OR(Q106="",R106=""),"",SIGN(R106-Q106)*(NETWORKDAYS(MIN(Q106,R106),MAX(Q106,R106))-1)) | T106: =IF(AND(N106>=90%,N106<=100%),"Yes","No") -> Yes | AF106: 10 | AK106: =IF(OR(AI106="",AJ106=""),"",SIGN(AJ106-AI106)*(NETWORKDAYS(MIN(AI106,AJ106),MAX(AI106,AJ106))-1))
A107: 105 | B107: 46210 | C107: ER734 | D107: Float Drums (RED) | E107: Carryover | F107: Eruvaka | G107: Carryover - Regular | H107: Mech | I107: r1 | K107: 4 | L107: 46211 | M107: 46211 | N107: 1 | P107: =IF(OR(L107="",M107=""),"",SIGN(M107-L107)*(NETWORKDAYS(MIN(L107,M107),MAX(L107,M107))-1)) -> 0 | S107: =IF(OR(Q107="",R107=""),"",SIGN(R107-Q107)*(NETWORKDAYS(MIN(Q107,R107),MAX(Q107,R107))-1)) | T107: =IF(AND(N107>=90%,N107<=100%),"Yes","No") -> Yes | AF107: 10 | AK107: =IF(OR(AI107="",AJ107=""),"",SIGN(AJ107-AI107)*(NETWORKDAYS(MIN(AI107,AJ107),MAX(AI107,AJ107))-1))
...

Sheet RACI Matrix
A1: Department | B1: Owner | C1: Design Readiness | D1: Part Qualification Readiness | E1: Sourcing Readiness | F1: Supplier Qualification | G1: Sample / Lot Procurement | H1: Factory Handover Readiness
A2: Product Engineering | B2: Mallesha | C2: A | D2: A | E2: C | F2: C | G2: C | H2: A
A3: Design | B3: Ravindra Namburi | C3: R | D3: C | E3: C | F3: C | G3: C | H3: R
A4: HW | B4: Pavan K | C4: R | D4: R | E4: C | F4: C | G4: C | H4: R
A5: FW | B5: Prem | C5: R | D5: C | E5: I | F5: I | G5: I | H5: R
A6: Procurement | B6: Ravindra Kolla | C6: C | D6: C | E6: A/R | F6: S | G6: R | H6: C
A7: Quality | B7: Jeyamurgan | C7: C | D7: A/R | E7: I | F7: R | G7: C | H7: A/R
A8: Production | B8: Venu | C8: C | D8: C | E8: I | F8: C | G8: C | H8: R
A9: Customer Success | B9: Pavan N | C9: C | D9: I | E9: I | F9: I | G9: I | H9: C
A10: V&V | B10: Kiran | C10: C | D10: R | E10: I | F10: C | G10: C | H10: R
A12: R – Responsible | A – Accountable| C – Consulted | I – Informed
A14: Note: | B14: Example

Sheet Timeline
A1: S.No | B1: Readiness Stage | C1: Key Activities / Deliverables | D1: Responsible | E1: Accountable | F1: Planned Start | G1: Target Date | H1: Expected Completion | I1: Actual Completion | J1: Duration (Days) | K1: Days Remaining | L1: Schedule Status | M1: Dependency | N1: Remarks
A2: 1 | B2: Design Readiness | C2: Design freeze approval, final drawings, final BOM, specifications, design review closure | D2: R&D | E2: P&E | G2: 46247 | J2: =IF(OR(F2="",G2=""),"",G2-F2+1) | K2: =IF(H2<>"","",IF(G2="","",G2-TODAY())) -> -43 | L2: =IF(I2<>"","Completed",IF(G2<TODAY(),"Delayed",IF(G2-TODAY()<=7,"At Risk","On Track"))) -> Delayed
A3: 2 | B3: Part Qualification Readiness | C3: Part qualification plan, qualification requirements, identified qualification parts | D3: Quality / V&V | E3: P&E | F3: 46210 | G3: =G2+2 -> 46249 | J3: =IF(OR(F3="",G3=""),"",G3-F3+1) -> 40 | K3: =IF(H3<>"","",IF(G3="","",G3-TODAY())) -> -41 | L3: =IF(I3<>"","Completed",IF(G3<TODAY(),"Delayed",IF(G3-TODAY()<=7,"At Risk","On Track"))) -> Delayed
A4: 3 | B4: Sourcing Readiness | C4: Approved source list, sourcing confirmation, supplier lead time | D4: SCM | E4: P&E | F4: 46234 | G4: 46280 | J4: =IF(OR(F4="",G4=""),"",G4-F4+1) -> 47 | K4: =IF(H4<>"","",IF(G4="","",G4-TODAY())) -> -10 | L4: =IF(I4<>"","Completed",IF(G4<TODAY(),"Delayed",IF(G4-TODAY()<=7,"At Risk","On Track"))) -> Delayed
A5: 4 | B5: Supplier Qualification | C5: Supplier qualification report/approval, supplier evaluation closure | D5: Quality / SCM | E5: Quality | J5: =IF(OR(F5="",G5=""),"",G5-F5+1) | K5: =IF(H5<>"","",IF(G5="","",G5-TODAY())) | L5: =IF(I5<>"","Completed",IF(G5<TODAY(),"Delayed",IF(G5-TODAY()<=7,"At Risk","On Track"))) -> Delayed
A6: 5 | B6: Sample / Lot Procurement | C6: Approved samples/lots received, incoming inspection/verification records | D6: SCM | E6: SCM | J6: =IF(OR(F6="",G6=""),"",G6-F6+1) | K6: =IF(H6<>"","",IF(G6="","",G6-TODAY())) | L6: =IF(I6<>"","Completed",IF(G6<TODAY(),"Delayed",IF(G6-TODAY()<=7,"At Risk","On Track"))) -> Delayed
A7: 6 | B7: Factory Handover Readiness | C7: Final BOM, SOPs, qualification reports, production documents, KT and factory handover | D7: P&E / Quality | E7: P&E | J7: =IF(OR(F7="",G7=""),"",G7-F7+1) | K7: =IF(H7<>"","",IF(G7="","",G7-TODAY())) | L7: =IF(I7<>"","Completed",IF(G7<TODAY(),"Delayed",IF(G7-TODAY()<=7,"At Risk","On Track"))) -> Delayed
B9: Note | C9: Example
